,headqa_en_acc,headqa_en_acc_stderr,headqa_en_acc_norm,headqa_en_acc_norm_stderr,headqa_es_acc,headqa_es_acc_stderr,headqa_es_acc_norm,headqa_es_acc_norm_stderr,xstory_cloze_en_acc,xstory_cloze_en_acc_stderr,xstory_cloze_es_acc,xstory_cloze_es_acc_stderr,xstory_cloze_zh_acc,xstory_cloze_zh_acc_stderr,pawsx_en_acc,pawsx_en_acc_stderr,pawsx_es_acc,pawsx_es_acc_stderr,pawsx_zh_acc,pawsx_zh_acc_stderr,xnli_en_acc,xnli_en_acc_stderr,xnli_es_acc,xnli_es_acc_stderr,xnli_zh_acc,xnli_zh_acc_stderr
0,0.2840991976659373,0.008614040521644994,0.3336980306345733,0.009006537310888562,0.26440554339897887,0.008423643607316284,0.3099927060539752,0.008833810133604958,0.6677696889477167,0.01212116892354459,0.6412971542025149,0.012342655113112371,0.6088682991396426,0.012558411693622684,0.568,0.011079231683079107,0.564,0.011091145421162657,0.471,0.011164310140373722,0.5341317365269461,0.007048232775587604,0.4908183632734531,0.007063521183707481,0.37425149700598803,0.006837638981887555
