,headqa_en_acc,headqa_en_acc_stderr,headqa_en_acc_norm,headqa_en_acc_norm_stderr,headqa_es_acc,headqa_es_acc_stderr,headqa_es_acc_norm,headqa_es_acc_norm_stderr,xstory_cloze_en_acc,xstory_cloze_en_acc_stderr,xstory_cloze_es_acc,xstory_cloze_es_acc_stderr,xstory_cloze_zh_acc,xstory_cloze_zh_acc_stderr,pawsx_en_acc,pawsx_en_acc_stderr,pawsx_es_acc,pawsx_es_acc_stderr,pawsx_zh_acc,pawsx_zh_acc_stderr,xnli_en_acc,xnli_en_acc_stderr,xnli_es_acc,xnli_es_acc_stderr,xnli_zh_acc,xnli_zh_acc_stderr
0,0.2567469000729395,0.008343849291869198,0.29576951130561635,0.008717251898361426,0.23960612691466082,0.008152930613263032,0.27169948942377825,0.00849660053640109,0.6121773659827928,0.012539110696551456,0.5585704831237591,0.012778538985880637,0.5453342157511581,0.012814127367359424,0.52,0.011174185930778313,0.5325,0.011159486640120933,0.452,0.011131484850525779,0.49520958083832334,0.007064388178197126,0.45229540918163674,0.007032484191375647,0.3395209580838323,0.006690942515072474
