,headqa_en_acc,headqa_en_acc_stderr,headqa_en_acc_norm,headqa_en_acc_norm_stderr,headqa_es_acc,headqa_es_acc_stderr,headqa_es_acc_norm,headqa_es_acc_norm_stderr,xstory_cloze_en_acc,xstory_cloze_en_acc_stderr,xstory_cloze_es_acc,xstory_cloze_es_acc_stderr,xstory_cloze_zh_acc,xstory_cloze_zh_acc_stderr,pawsx_en_acc,pawsx_en_acc_stderr,pawsx_es_acc,pawsx_es_acc_stderr,pawsx_zh_acc,pawsx_zh_acc_stderr,xnli_en_acc,xnli_en_acc_stderr,xnli_es_acc,xnli_es_acc_stderr,xnli_zh_acc,xnli_zh_acc_stderr
0,0.26440554339897887,0.008423643607316284,0.30488694383661563,0.008793112278191295,0.24434719183078046,0.008207488987159709,0.2830051057622174,0.008604004902114394,0.6254136333553938,0.012455787254852474,0.5830575777630708,0.01268835412160781,0.5804103242885507,0.01269964226820075,0.5245,0.011169702598013186,0.515,0.011178102477052804,0.4895,0.011180669867648657,0.5147704590818363,0.007061629189884944,0.47984031936127747,0.00705896771560341,0.36227544910179643,0.006791418670232308
