,headqa_en_acc,headqa_en_acc_stderr,headqa_en_acc_norm,headqa_en_acc_norm_stderr,headqa_es_acc,headqa_es_acc_stderr,headqa_es_acc_norm,headqa_es_acc_norm_stderr,xstory_cloze_en_acc,xstory_cloze_en_acc_stderr,xstory_cloze_es_acc,xstory_cloze_es_acc_stderr,xstory_cloze_zh_acc,xstory_cloze_zh_acc_stderr,pawsx_en_acc,pawsx_en_acc_stderr,pawsx_es_acc,pawsx_es_acc_stderr,pawsx_zh_acc,pawsx_zh_acc_stderr,xnli_en_acc,xnli_en_acc_stderr,xnli_es_acc,xnli_es_acc_stderr,xnli_zh_acc,xnli_zh_acc_stderr
0,0.31181619256017507,0.008848039223989218,0.35557986870897157,0.009143208309033068,0.29576951130561635,0.008717251898361417,0.3428154631655726,0.009066075927215624,0.7054930509596293,0.011730206832052021,0.6598279285241562,0.012192034998028838,0.6187954996690933,0.01249867885093408,0.611,0.010904079487730011,0.593,0.010987987437832495,0.4765,0.011170777418517835,0.5407185628742515,0.007041246852969196,0.487624750499002,0.00706254822161722,0.3526946107784431,0.006751161657858724
