{
  "results": {
    "know_dist": {
      "acc,none": 0.4472523895481313,
      "acc_stderr,none": 0.09377091745683105,
      "acc_norm,none": 0.32093362509117435,
      "acc_norm_stderr,none": 0.00012017539734921804,
      "perplexity,none": 28.355532072362195,
      "perplexity_stderr,none": 345.79640060510536,
      "alias": "know_dist"
    },
    "headqa_en": {
      "acc,none": 0.2855579868708972,
      "acc_stderr,none": 0.00862732444670819,
      "acc_norm,none": 0.3336980306345733,
      "acc_norm_stderr,none": 0.009006537310888558,
      "alias": " - headqa_en"
    },
    "headqa_es": {
      "acc,none": 0.262217359591539,
      "acc_stderr,none": 0.008401182486572945,
      "acc_norm,none": 0.3081692195477753,
      "acc_norm_stderr,none": 0.00881942053917822,
      "alias": " - headqa_es"
    },
    "lambada_openai_mt_en": {
      "perplexity,none": 9.265313355794522,
      "perplexity_stderr,none": 0.2780145560342558,
      "acc,none": 0.5140694740927615,
      "acc_stderr,none": 0.006963219279097551,
      "alias": " - lambada_openai_mt_en"
    },
    "lambada_openai_mt_es": {
      "perplexity,none": 67.76221875742533,
      "perplexity_stderr,none": 3.6425722711523023,
      "acc,none": 0.3458179701144964,
      "acc_stderr,none": 0.006626514558805192,
      "alias": " - lambada_openai_mt_es"
    },
    "paws_en": {
      "acc,none": 0.3935,
      "acc_stderr,none": 0.01092650764355403,
      "alias": " - paws_en"
    },
    "paws_es": {
      "acc,none": 0.468,
      "acc_stderr,none": 0.011160209457602885,
      "alias": " - paws_es"
    },
    "paws_zh": {
      "acc,none": 0.544,
      "acc_stderr,none": 0.01113975076128331,
      "alias": " - paws_zh"
    },
    "xnli_en": {
      "acc,none": 0.5373493975903615,
      "acc_stderr,none": 0.009994072620561407,
      "alias": " - xnli_en"
    },
    "xnli_es": {
      "acc,none": 0.4939759036144578,
      "acc_stderr,none": 0.010021345444047586,
      "alias": " - xnli_es"
    },
    "xnli_zh": {
      "acc,none": 0.3895582329317269,
      "acc_stderr,none": 0.009774529590783664,
      "alias": " - xnli_zh"
    },
    "xstorycloze_en": {
      "acc,none": 0.6637988087359364,
      "acc_stderr,none": 0.012157083081239747,
      "alias": " - xstorycloze_en"
    },
    "xstorycloze_es": {
      "acc,none": 0.6254136333553938,
      "acc_stderr,none": 0.012455787254852474,
      "alias": " - xstorycloze_es"
    },
    "xstorycloze_zh": {
      "acc,none": 0.585043017868961,
      "acc_stderr,none": 0.012679641217262498,
      "alias": " - xstorycloze_zh"
    }
  },
  "groups": {
    "know_dist": {
      "acc,none": 0.4472523895481313,
      "acc_stderr,none": 0.09377091745683105,
      "acc_norm,none": 0.32093362509117435,
      "acc_norm_stderr,none": 0.00012017539734921804,
      "perplexity,none": 28.355532072362195,
      "perplexity_stderr,none": 345.79640060510536,
      "alias": "know_dist"
    }
  },
  "configs": {
    "headqa_en": {
      "task": "headqa_en",
      "group": [
        "headqa"
      ],
      "dataset_path": "EleutherAI/headqa",
      "dataset_name": "en",
      "training_split": "train",
      "validation_split": "validation",
      "test_split": "test",
      "doc_to_text": "Question: {{qtext}}\nAnswer:",
      "doc_to_target": "{{ra - 1}}",
      "doc_to_choice": "{{answers|map(attribute='atext')|list}}",
      "description": "",
      "target_delimiter": " ",
      "fewshot_delimiter": "\n\n",
      "num_fewshot": 0,
      "metric_list": [
        {
          "metric": "acc",
          "aggregation": "mean",
          "higher_is_better": true
        },
        {
          "metric": "acc_norm",
          "aggregation": "mean",
          "higher_is_better": true
        }
      ],
      "output_type": "multiple_choice",
      "repeats": 1,
      "should_decontaminate": true,
      "doc_to_decontamination_query": "query",
      "metadata": [
        {
          "version": 1.0
        }
      ]
    },
    "headqa_es": {
      "task": "headqa_es",
      "group": [
        "headqa"
      ],
      "dataset_path": "EleutherAI/headqa",
      "dataset_name": "es",
      "training_split": "train",
      "validation_split": "validation",
      "test_split": "test",
      "doc_to_text": "Question: {{qtext}}\nAnswer:",
      "doc_to_target": "{{ra - 1}}",
      "doc_to_choice": "{{answers|map(attribute='atext')|list}}",
      "description": "",
      "target_delimiter": " ",
      "fewshot_delimiter": "\n\n",
      "num_fewshot": 0,
      "metric_list": [
        {
          "metric": "acc",
          "aggregation": "mean",
          "higher_is_better": true
        },
        {
          "metric": "acc_norm",
          "aggregation": "mean",
          "higher_is_better": true
        }
      ],
      "output_type": "multiple_choice",
      "repeats": 1,
      "should_decontaminate": true,
      "doc_to_decontamination_query": "query",
      "metadata": [
        {
          "version": 1.0
        }
      ]
    },
    "lambada_openai_mt_en": {
      "task": "lambada_openai_mt_en",
      "group": [
        "lambada_multilingual"
      ],
      "dataset_path": "EleutherAI/lambada_openai",
      "dataset_name": "en",
      "test_split": "test",
      "doc_to_text": "{{text.split(' ')[:-1]|join(' ')}}",
      "doc_to_target": "{{' '+text.split(' ')[-1]}}",
      "description": "",
      "target_delimiter": " ",
      "fewshot_delimiter": "\n\n",
      "num_fewshot": 0,
      "metric_list": [
        {
          "metric": "perplexity",
          "aggregation": "perplexity",
          "higher_is_better": false
        },
        {
          "metric": "acc",
          "aggregation": "mean",
          "higher_is_better": true
        }
      ],
      "output_type": "loglikelihood",
      "repeats": 1,
      "should_decontaminate": true,
      "doc_to_decontamination_query": "{{text}}",
      "metadata": [
        {
          "version": 1.0
        }
      ]
    },
    "lambada_openai_mt_es": {
      "task": "lambada_openai_mt_es",
      "group": [
        "lambada_multilingual"
      ],
      "dataset_path": "EleutherAI/lambada_openai",
      "dataset_name": "es",
      "test_split": "test",
      "doc_to_text": "{{text.split(' ')[:-1]|join(' ')}}",
      "doc_to_target": "{{' '+text.split(' ')[-1]}}",
      "description": "",
      "target_delimiter": " ",
      "fewshot_delimiter": "\n\n",
      "num_fewshot": 0,
      "metric_list": [
        {
          "metric": "perplexity",
          "aggregation": "perplexity",
          "higher_is_better": false
        },
        {
          "metric": "acc",
          "aggregation": "mean",
          "higher_is_better": true
        }
      ],
      "output_type": "loglikelihood",
      "repeats": 1,
      "should_decontaminate": true,
      "doc_to_decontamination_query": "{{text}}",
      "metadata": [
        {
          "version": 1.0
        }
      ]
    },
    "paws_en": {
      "task": "paws_en",
      "group": "pawsx",
      "dataset_path": "paws-x",
      "dataset_name": "en",
      "training_split": "train",
      "validation_split": "validation",
      "test_split": "test",
      "doc_to_text": "",
      "doc_to_target": "label",
      "doc_to_choice": "{{[sentence1+\", right? Yes, \"+sentence2, sentence1+\", right? No, \"+sentence2]}}",
      "description": "",
      "target_delimiter": " ",
      "fewshot_delimiter": "\n\n",
      "num_fewshot": 0,
      "metric_list": [
        {
          "metric": "acc",
          "aggregation": "mean",
          "higher_is_better": true
        }
      ],
      "output_type": "multiple_choice",
      "repeats": 1,
      "should_decontaminate": false,
      "metadata": [
        {
          "version": 0.0
        }
      ]
    },
    "paws_es": {
      "task": "paws_es",
      "group": "pawsx",
      "dataset_path": "paws-x",
      "dataset_name": "es",
      "training_split": "train",
      "validation_split": "validation",
      "test_split": "test",
      "doc_to_text": "",