{
  "results": {
    "know_dist": {
      "acc,none": 0.46195957742727783,
      "acc_stderr,none": 0.09706039442727193,
      "acc_norm,none": 0.3490153172866521,
      "acc_norm_stderr,none": 9.363524116396561e-05,
      "perplexity,none": 21.105495157790386,
      "perplexity_stderr,none": 198.8794220215977,
      "alias": "know_dist"
    },
    "headqa_en": {
      "acc,none": 0.31181619256017507,
      "acc_stderr,none": 0.008848039223989216,
      "acc_norm,none": 0.35557986870897157,
      "acc_norm_stderr,none": 0.00914320830903307,
      "alias": " - headqa_en"
    },
    "headqa_es": {
      "acc,none": 0.29540481400437635,
      "acc_stderr,none": 0.008714131357853835,
      "acc_norm,none": 0.3424507658643326,
      "acc_norm_stderr,none": 0.00906376613539834,
      "alias": " - headqa_es"
    },
    "lambada_openai_mt_en": {
      "perplexity,none": 6.619600794427241,
      "perplexity_stderr,none": 0.17613302260939653,
      "acc,none": 0.5759751601009121,
      "acc_stderr,none": 0.006885089646655077,
      "alias": " - lambada_openai_mt_en"
    },
    "lambada_openai_mt_es": {
      "perplexity,none": 51.00777700197703,
      "perplexity_stderr,none": 2.639387838336782,
      "acc,none": 0.36580632641179894,
      "acc_stderr,none": 0.006710403442216903,
      "alias": " - lambada_openai_mt_es"
    },
    "paws_en": {
      "acc,none": 0.401,
      "acc_stderr,none": 0.010961732517713431,
      "alias": " - paws_en"
    },
    "paws_es": {
      "acc,none": 0.417,
      "acc_stderr,none": 0.011027978425535497,
      "alias": " - paws_es"
    },
    "paws_zh": {
      "acc,none": 0.52,
      "acc_stderr,none": 0.011174185930778312,
      "alias": " - paws_zh"
    },
    "xnli_en": {
      "acc,none": 0.5357429718875502,
      "acc_stderr,none": 0.00999643246851036,
      "alias": " - xnli_en"
    },
    "xnli_es": {
      "acc,none": 0.4839357429718876,
      "acc_stderr,none": 0.01001689893235568,
      "alias": " - xnli_es"
    },
    "xnli_zh": {
      "acc,none": 0.3522088353413655,
      "acc_stderr,none": 0.00957425929249574,
      "alias": " - xnli_zh"
    },
    "xstorycloze_en": {
      "acc,none": 0.7061548643282595,
      "acc_stderr,none": 0.0117225139109852,
      "alias": " - xstorycloze_en"
    },
    "xstorycloze_es": {
      "acc,none": 0.6611515552614163,
      "acc_stderr,none": 0.01218049075873904,
      "alias": " - xstorycloze_es"
    },
    "xstorycloze_zh": {
      "acc,none": 0.6187954996690933,
      "acc_stderr,none": 0.012498678850934088,
      "alias": " - xstorycloze_zh"
    }
  },
  "groups": {
    "know_dist": {
      "acc,none": 0.46195957742727783,
      "acc_stderr,none": 0.09706039442727193,
      "acc_norm,none": 0.3490153172866521,
      "acc_norm_stderr,none": 9.363524116396561e-05,
      "perplexity,none": 21.105495157790386,
      "perplexity_stderr,none": 198.8794220215977,
      "alias": "know_dist"
    }
  },
  "configs": {
    "headqa_en": {
      "task": "headqa_en",
      "group": [
        "headqa"
      ],
      "dataset_path": "EleutherAI/headqa",
      "dataset_name": "en",
      "training_split": "train",
      "validation_split": "validation",
      "test_split": "test",
      "doc_to_text": "Question: {{qtext}}\nAnswer:",
      "doc_to_target": "{{ra - 1}}",
      "doc_to_choice": "{{answers|map(attribute='atext')|list}}",
      "description": "",
      "target_delimiter": " ",
      "fewshot_delimiter": "\n\n",
      "num_fewshot": 0,
      "metric_list": [
        {
          "metric": "acc",
          "aggregation": "mean",
          "higher_is_better": true
        },
        {
          "metric": "acc_norm",
          "aggregation": "mean",
          "higher_is_better": true
        }
      ],
      "output_type": "multiple_choice",
      "repeats": 1,
      "should_decontaminate": true,
      "doc_to_decontamination_query": "query",
      "metadata": [
        {
          "version": 1.0
        }
      ]
    },
    "headqa_es": {
      "task": "headqa_es",
      "group": [
        "headqa"
      ],
      "dataset_path": "EleutherAI/headqa",
      "dataset_name": "es",
      "training_split": "train",
      "validation_split": "validation",
      "test_split": "test",
      "doc_to_text": "Question: {{qtext}}\nAnswer:",
      "doc_to_target": "{{ra - 1}}",
      "doc_to_choice": "{{answers|map(attribute='atext')|list}}",
      "description": "",
      "target_delimiter": " ",
      "fewshot_delimiter": "\n\n",
      "num_fewshot": 0,
      "metric_list": [
        {
          "metric": "acc",
          "aggregation": "mean",
          "higher_is_better": true
        },
        {
          "metric": "acc_norm",
          "aggregation": "mean",
          "higher_is_better": true
        }
      ],
      "output_type": "multiple_choice",
      "repeats": 1,
      "should_decontaminate": true,
      "doc_to_decontamination_query": "query",
      "metadata": [
        {
          "version": 1.0
        }
      ]
    },
    "lambada_openai_mt_en": {
      "task": "lambada_openai_mt_en",
      "group": [
        "lambada_multilingual"
      ],
      "dataset_path": "EleutherAI/lambada_openai",
      "dataset_name": "en",
      "test_split": "test",
      "doc_to_text": "{{text.split(' ')[:-1]|join(' ')}}",
      "doc_to_target": "{{' '+text.split(' ')[-1]}}",
      "description": "",
      "target_delimiter": " ",
      "fewshot_delimiter": "\n\n",
      "num_fewshot": 0,
      "metric_list": [
        {
          "metric": "perplexity",
          "aggregation": "perplexity",
          "higher_is_better": false
        },
        {
          "metric": "acc",
          "aggregation": "mean",
          "higher_is_better": true
        }
      ],
      "output_type": "loglikelihood",
      "repeats": 1,
      "should_decontaminate": true,
      "doc_to_decontamination_query": "{{text}}",
      "metadata": [
        {
          "version": 1.0
        }
      ]
    },
    "lambada_openai_mt_es": {
      "task": "lambada_openai_mt_es",
      "group": [
        "lambada_multilingual"
      ],
      "dataset_path": "EleutherAI/lambada_openai",
      "dataset_name": "es",
      "test_split": "test",
      "doc_to_text": "{{text.split(' ')[:-1]|join(' ')}}",
      "doc_to_target": "{{' '+text.split(' ')[-1]}}",
      "description": "",
      "target_delimiter": " ",
      "fewshot_delimiter": "\n\n",
      "num_fewshot": 0,
      "metric_list": [
        {
          "metric": "perplexity",
          "aggregation": "perplexity",
          "higher_is_better": false
        },
        {
          "metric": "acc",
          "aggregation": "mean",
          "higher_is_better": true
        }
      ],
      "output_type": "loglikelihood",
      "repeats": 1,
      "should_decontaminate": true,
      "doc_to_decontamination_query": "{{text}}",
      "metadata": [
        {
          "version": 1.0
        }
      ]
    },
    "paws_en": {
      "task": "paws_en",
      "group": "pawsx",
      "dataset_path": "paws-x",
      "dataset_name": "en",
      "training_split": "train",
      "validation_split": "validation",
      "test_split": "test",
      "doc_to_text": "",
      "doc_to_target": "label",
      "doc_to_choice": "{{[sentence1+\", right? Yes, \"+sentence2, sentence1+\", right? No, \"+sentence2]}}",
      "description": "",
      "target_delimiter": " ",
      "fewshot_delimiter": "\n\n",
      "num_fewshot": 0,
      "metric_list": [
        {
          "metric": "acc",
          "aggregation": "mean",
          "higher_is_better": true
        }
      ],
      "output_type": "multiple_choice",
      "repeats": 1,
      "should_decontaminate": false,
      "metadata": [
        {
          "version": 0.0
        }
      ]
    },
    "paws_es": {
      "task": "paws_es",
      "group": "pawsx",
      "dataset_path": "paws-x",
      "dataset_name": "es",
      "training_split": "train",
      "validation_split": "validation",
      "test_split": "test",
      "doc_to_text": "",