,headqa_en_acc,headqa_en_acc_stderr,headqa_en_acc_norm,headqa_en_acc_norm_stderr,headqa_es_acc,headqa_es_acc_stderr,headqa_es_acc_norm,headqa_es_acc_norm_stderr
0,0.24945295404814005,0.008264731858357683,0.28191101385849743,0.008593906746745194,0.2097009482129832,0.007775734257541658,0.25309992706053974,0.008304676949891693
