{
  "results": {
    "know_dist": {
      "acc,none": 0.4898351729648152,
      "acc_stderr,none": 0.1070778901641898,
      "acc_norm,none": 0.38074398249452956,
      "acc_norm_stderr,none": 0.0003984628099036889,
      "perplexity,none": 19.527476029415567,
      "perplexity_stderr,none": 248.88663799124973,
      "alias": "know_dist"
    },
    "headqa_en": {
      "acc,none": 0.3650619985412108,
      "acc_stderr,none": 0.00919590457681477,
      "acc_norm,none": 0.41611962071480674,
      "acc_norm_stderr,none": 0.009414917525232042,
      "alias": " - headqa_en"
    },
    "headqa_es": {
      "acc,none": 0.3070751276440554,
      "acc_stderr,none": 0.008810709413802902,
      "acc_norm,none": 0.3453683442742524,
      "acc_norm_stderr,none": 0.009082078424198272,
      "alias": " - headqa_es"
    },
    "lambada_openai_mt_en": {
      "perplexity,none": 3.3414699457383557,
      "perplexity_stderr,none": 0.08153178610036191,
      "acc,none": 0.7069668154473122,
      "acc_stderr,none": 0.006341178663062694,
      "alias": " - lambada_openai_mt_en"
    },
    "lambada_openai_mt_es": {
      "perplexity,none": 52.93918701565164,
      "perplexity_stderr,none": 3.249346594410989,
      "acc,none": 0.40326023675528816,
      "acc_stderr,none": 0.006834350723172502,
      "alias": " - lambada_openai_mt_es"
    },
    "paws_en": {
      "acc,none": 0.3815,
      "acc_stderr,none": 0.010864524561478631,
      "alias": " - paws_en"
    },
    "paws_es": {
      "acc,none": 0.423,
      "acc_stderr,none": 0.0110497306878554,
      "alias": " - paws_es"
    },
    "paws_zh": {
      "acc,none": 0.4945,
      "acc_stderr,none": 0.011182459420867635,
      "alias": " - paws_zh"
    },
    "xnli_en": {
      "acc,none": 0.5160642570281124,
      "acc_stderr,none": 0.01001689893235568,
      "alias": " - xnli_en"
    },
    "xnli_es": {
      "acc,none": 0.44738955823293175,
      "acc_stderr,none": 0.009966439091407936,
      "alias": " - xnli_es"
    },
    "xnli_zh": {
      "acc,none": 0.35542168674698793,
      "acc_stderr,none": 0.009593947957927137,
      "alias": " - xnli_zh"
    },
    "xstorycloze_en": {
      "acc,none": 0.799470549305096,
      "acc_stderr,none": 0.010303904940319464,
      "alias": " - xstorycloze_en"
    },
    "xstorycloze_es": {
      "acc,none": 0.6896095301125083,
      "acc_stderr,none": 0.01190604015249926,
      "alias": " - xstorycloze_es"
    },
    "xstorycloze_zh": {
      "acc,none": 0.5671740569159497,
      "acc_stderr,none": 0.012750474502985828,
      "alias": " - xstorycloze_zh"
    }
  },
  "groups": {
    "know_dist": {
      "acc,none": 0.4898351729648152,
      "acc_stderr,none": 0.1070778901641898,
      "acc_norm,none": 0.38074398249452956,
      "acc_norm_stderr,none": 0.0003984628099036889,
      "perplexity,none": 19.527476029415567,
      "perplexity_stderr,none": 248.88663799124973,
      "alias": "know_dist"
    }
  },
  "configs": {
    "headqa_en": {
      "task": "headqa_en",
      "group": [
        "headqa"
      ],
      "dataset_path": "EleutherAI/headqa",
      "dataset_name": "en",
      "training_split": "train",
      "validation_split": "validation",
      "test_split": "test",
      "doc_to_text": "Question: {{qtext}}\nAnswer:",
      "doc_to_target": "{{ra - 1}}",
      "doc_to_choice": "{{answers|map(attribute='atext')|list}}",
      "description": "",
      "target_delimiter": " ",
      "fewshot_delimiter": "\n\n",
      "num_fewshot": 0,
      "metric_list": [
        {
          "metric": "acc",
          "aggregation": "mean",
          "higher_is_better": true
        },
        {
          "metric": "acc_norm",
          "aggregation": "mean",
          "higher_is_better": true
        }
      ],
      "output_type": "multiple_choice",
      "repeats": 1,
      "should_decontaminate": true,
      "doc_to_decontamination_query": "query",
      "metadata": [
        {
          "version": 1.0
        }
      ]
    },
    "headqa_es": {
      "task": "headqa_es",
      "group": [
        "headqa"
      ],
      "dataset_path": "EleutherAI/headqa",
      "dataset_name": "es",
      "training_split": "train",
      "validation_split": "validation",
      "test_split": "test",
      "doc_to_text": "Question: {{qtext}}\nAnswer:",
      "doc_to_target": "{{ra - 1}}",
      "doc_to_choice": "{{answers|map(attribute='atext')|list}}",
      "description": "",
      "target_delimiter": " ",
      "fewshot_delimiter": "\n\n",
      "num_fewshot": 0,
      "metric_list": [
        {
          "metric": "acc",
          "aggregation": "mean",
          "higher_is_better": true
        },
        {
          "metric": "acc_norm",
          "aggregation": "mean",
          "higher_is_better": true
        }
      ],
      "output_type": "multiple_choice",
      "repeats": 1,
      "should_decontaminate": true,
      "doc_to_decontamination_query": "query",
      "metadata": [
        {
          "version": 1.0
        }
      ]
    },
    "lambada_openai_mt_en": {
      "task": "lambada_openai_mt_en",
      "group": [
        "lambada_multilingual"
      ],
      "dataset_path": "EleutherAI/lambada_openai",
      "dataset_name": "en",
      "test_split": "test",
      "doc_to_text": "{{text.split(' ')[:-1]|join(' ')}}",
      "doc_to_target": "{{' '+text.split(' ')[-1]}}",
      "description": "",
      "target_delimiter": " ",
      "fewshot_delimiter": "\n\n",
      "num_fewshot": 0,
      "metric_list": [
        {
          "metric": "perplexity",
          "aggregation": "perplexity",
          "higher_is_better": false
        },
        {
          "metric": "acc",
          "aggregation": "mean",
          "higher_is_better": true
        }
      ],
      "output_type": "loglikelihood",
      "repeats": 1,
      "should_decontaminate": true,
      "doc_to_decontamination_query": "{{text}}",
      "metadata": [
        {
          "version": 1.0
        }
      ]
    },
    "lambada_openai_mt_es": {
      "task": "lambada_openai_mt_es",
      "group": [
        "lambada_multilingual"
      ],
      "dataset_path": "EleutherAI/lambada_openai",
      "dataset_name": "es",
      "test_split": "test",
      "doc_to_text": "{{text.split(' ')[:-1]|join(' ')}}",
      "doc_to_target": "{{' '+text.split(' ')[-1]}}",
      "description": "",
      "target_delimiter": " ",
      "fewshot_delimiter": "\n\n",
      "num_fewshot": 0,
      "metric_list": [
        {
          "metric": "perplexity",
          "aggregation": "perplexity",
          "higher_is_better": false
        },
        {
          "metric": "acc",
          "aggregation": "mean",
          "higher_is_better": true
        }
      ],
      "output_type": "loglikelihood",
      "repeats": 1,
      "should_decontaminate": true,
      "doc_to_decontamination_query": "{{text}}",
      "metadata": [
        {
          "version": 1.0
        }
      ]
    },
    "paws_en": {
      "task": "paws_en",
      "group": "pawsx",
      "dataset_path": "paws-x",
      "dataset_name": "en",
      "training_split": "train",
      "validation_split": "validation",
      "test_split": "test",
      "doc_to_text": "",
      "doc_to_target": "label",
      "doc_to_choice": "{{[sentence1+\", right? Yes, \"+sentence2, sentence1+\", right? No, \"+sentence2]}}",
      "description": "",
      "target_delimiter": " ",
      "fewshot_delimiter": "\n\n",
      "num_fewshot": 0,
      "metric_list": [
        {
          "metric": "acc",
          "aggregation": "mean",
          "higher_is_better": true
        }
      ],
      "output_type": "multiple_choice",
      "repeats": 1,
      "should_decontaminate": false,
      "metadata": [
        {
          "version": 0.0
        }
      ]
    },
    "paws_es": {
      "task": "paws_es",
      "group": "pawsx",
      "dataset_path": "paws-x",
      "dataset_name": "es",
      "training_split": "train",
      "validation_split": "validation",
      "test_split": "test",
      "doc_to_text": "",