{
  "results": {
    "know_dist": {
      "acc,none": 0.4486136182049537,
      "acc_stderr,none": 0.0917168748682545,
      "acc_norm,none": 0.31564551422319476,
      "acc_norm_stderr,none": 0.00013598735691803474,
      "perplexity,none": 24.84489562541546,
      "perplexity_stderr,none": 246.5986656676529,
      "alias": "know_dist"
    },
    "headqa_en": {
      "acc,none": 0.2778993435448578,
      "acc_stderr,none": 0.008556341555286527,
      "acc_norm,none": 0.3307804522246535,
      "acc_norm_stderr,none": 0.008986688941355257,
      "alias": " - headqa_en"
    },
    "headqa_es": {
      "acc,none": 0.26404084609773887,
      "acc_stderr,none": 0.008419918655647611,
      "acc_norm,none": 0.30051057622173594,
      "acc_norm_stderr,none": 0.008757213523175142,
      "alias": " - headqa_es"
    },
    "lambada_openai_mt_en": {
      "perplexity,none": 8.729956342211041,
      "perplexity_stderr,none": 0.260705315891069,
      "acc,none": 0.5259072385018436,
      "acc_stderr,none": 0.006956620453033571,
      "alias": " - lambada_openai_mt_en"
    },
    "lambada_openai_mt_es": {
      "perplexity,none": 58.10990807553102,
      "perplexity_stderr,none": 3.1639227415735,
      "acc,none": 0.37240442460702505,
      "acc_stderr,none": 0.006735338475740363,
      "alias": " - lambada_openai_mt_es"
    },
    "paws_en": {
      "acc,none": 0.395,
      "acc_stderr,none": 0.010933767586555723,
      "alias": " - paws_en"
    },
    "paws_es": {
      "acc,none": 0.4265,
      "acc_stderr,none": 0.011061647934531044,
      "alias": " - paws_es"
    },
    "paws_zh": {
      "acc,none": 0.545,
      "acc_stderr,none": 0.011137752231145229,
      "alias": " - paws_zh"
    },
    "xnli_en": {
      "acc,none": 0.5329317269076306,
      "acc_stderr,none": 0.010000311392557842,
      "alias": " - xnli_en"
    },
    "xnli_es": {
      "acc,none": 0.4795180722891566,
      "acc_stderr,none": 0.010013660629930818,
      "alias": " - xnli_es"
    },
    "xnli_zh": {
      "acc,none": 0.378714859437751,
      "acc_stderr,none": 0.009722751990000564,
      "alias": " - xnli_zh"
    },
    "xstorycloze_en": {
      "acc,none": 0.6677696889477167,
      "acc_stderr,none": 0.012121168923544593,
      "alias": " - xstorycloze_en"
    },
    "xstorycloze_es": {
      "acc,none": 0.6267372600926538,
      "acc_stderr,none": 0.012446911553527134,
      "alias": " - xstorycloze_es"
    },
    "xstorycloze_zh": {
      "acc,none": 0.5903375248180013,
      "acc_stderr,none": 0.012655369030750359,
      "alias": " - xstorycloze_zh"
    }
  },
  "groups": {
    "know_dist": {
      "acc,none": 0.4486136182049537,
      "acc_stderr,none": 0.0917168748682545,
      "acc_norm,none": 0.31564551422319476,
      "acc_norm_stderr,none": 0.00013598735691803474,
      "perplexity,none": 24.84489562541546,
      "perplexity_stderr,none": 246.5986656676529,
      "alias": "know_dist"
    }
  },
  "configs": {
    "headqa_en": {
      "task": "headqa_en",
      "group": [
        "headqa"
      ],
      "dataset_path": "EleutherAI/headqa",
      "dataset_name": "en",
      "training_split": "train",
      "validation_split": "validation",
      "test_split": "test",
      "doc_to_text": "Question: {{qtext}}\nAnswer:",
      "doc_to_target": "{{ra - 1}}",
      "doc_to_choice": "{{answers|map(attribute='atext')|list}}",
      "description": "",
      "target_delimiter": " ",
      "fewshot_delimiter": "\n\n",
      "num_fewshot": 0,
      "metric_list": [
        {
          "metric": "acc",
          "aggregation": "mean",
          "higher_is_better": true
        },
        {
          "metric": "acc_norm",
          "aggregation": "mean",
          "higher_is_better": true
        }
      ],
      "output_type": "multiple_choice",
      "repeats": 1,
      "should_decontaminate": true,
      "doc_to_decontamination_query": "query",
      "metadata": [
        {
          "version": 1.0
        }
      ]
    },
    "headqa_es": {
      "task": "headqa_es",
      "group": [
        "headqa"
      ],
      "dataset_path": "EleutherAI/headqa",
      "dataset_name": "es",
      "training_split": "train",
      "validation_split": "validation",
      "test_split": "test",
      "doc_to_text": "Question: {{qtext}}\nAnswer:",
      "doc_to_target": "{{ra - 1}}",
      "doc_to_choice": "{{answers|map(attribute='atext')|list}}",
      "description": "",
      "target_delimiter": " ",
      "fewshot_delimiter": "\n\n",
      "num_fewshot": 0,
      "metric_list": [
        {
          "metric": "acc",
          "aggregation": "mean",
          "higher_is_better": true
        },
        {
          "metric": "acc_norm",
          "aggregation": "mean",
          "higher_is_better": true
        }
      ],
      "output_type": "multiple_choice",
      "repeats": 1,
      "should_decontaminate": true,
      "doc_to_decontamination_query": "query",
      "metadata": [
        {
          "version": 1.0
        }
      ]
    },
    "lambada_openai_mt_en": {
      "task": "lambada_openai_mt_en",
      "group": [
        "lambada_multilingual"
      ],
      "dataset_path": "EleutherAI/lambada_openai",
      "dataset_name": "en",
      "test_split": "test",
      "doc_to_text": "{{text.split(' ')[:-1]|join(' ')}}",
      "doc_to_target": "{{' '+text.split(' ')[-1]}}",
      "description": "",
      "target_delimiter": " ",
      "fewshot_delimiter": "\n\n",
      "num_fewshot": 0,
      "metric_list": [
        {
          "metric": "perplexity",
          "aggregation": "perplexity",
          "higher_is_better": false
        },
        {
          "metric": "acc",
          "aggregation": "mean",
          "higher_is_better": true
        }
      ],
      "output_type": "loglikelihood",
      "repeats": 1,
      "should_decontaminate": true,
      "doc_to_decontamination_query": "{{text}}",
      "metadata": [
        {
          "version": 1.0
        }
      ]
    },
    "lambada_openai_mt_es": {
      "task": "lambada_openai_mt_es",
      "group": [
        "lambada_multilingual"
      ],
      "dataset_path": "EleutherAI/lambada_openai",
      "dataset_name": "es",
      "test_split": "test",
      "doc_to_text": "{{text.split(' ')[:-1]|join(' ')}}",
      "doc_to_target": "{{' '+text.split(' ')[-1]}}",
      "description": "",
      "target_delimiter": " ",
      "fewshot_delimiter": "\n\n",
      "num_fewshot": 0,
      "metric_list": [
        {
          "metric": "perplexity",
          "aggregation": "perplexity",
          "higher_is_better": false
        },
        {
          "metric": "acc",
          "aggregation": "mean",
          "higher_is_better": true
        }
      ],
      "output_type": "loglikelihood",
      "repeats": 1,
      "should_decontaminate": true,
      "doc_to_decontamination_query": "{{text}}",
      "metadata": [
        {
          "version": 1.0
        }
      ]
    },
    "paws_en": {
      "task": "paws_en",
      "group": "pawsx",
      "dataset_path": "paws-x",
      "dataset_name": "en",
      "training_split": "train",
      "validation_split": "validation",
      "test_split": "test",
      "doc_to_text": "",
      "doc_to_target": "label",
      "doc_to_choice": "{{[sentence1+\", right? Yes, \"+sentence2, sentence1+\", right? No, \"+sentence2]}}",
      "description": "",
      "target_delimiter": " ",
      "fewshot_delimiter": "\n\n",
      "num_fewshot": 0,
      "metric_list": [
        {
          "metric": "acc",
          "aggregation": "mean",
          "higher_is_better": true
        }
      ],
      "output_type": "multiple_choice",
      "repeats": 1,
      "should_decontaminate": false,
      "metadata": [
        {
          "version": 0.0
        }
      ]
    },
    "paws_es": {
      "task": "paws_es",
      "group": "pawsx",
      "dataset_path": "paws-x",
      "dataset_name": "es",
      "training_split": "train",
      "validation_split": "validation",
      "test_split": "test",
      "doc_to_text": "",