{
  "results": {
    "know_dist": {
      "acc,none": 0.49306069304293787,
      "acc_stderr,none": 0.1089687586509755,
      "acc_norm,none": 0.3760029175784099,
      "acc_norm_stderr,none": 0.0003666600277549046,
      "perplexity,none": 15.231498070216986,
      "perplexity_stderr,none": 139.84439436579302,
      "alias": "know_dist"
    },
    "headqa_en": {
      "acc,none": 0.3559445660102115,
      "acc_stderr,none": 0.009145307027076091,
      "acc_norm,none": 0.40955506929248725,
      "acc_norm_stderr,none": 0.009392719096242085,
      "alias": " - headqa_en"
    },
    "headqa_es": {
      "acc,none": 0.30342815463165573,
      "acc_stderr,none": 0.008781250747331836,
      "acc_norm,none": 0.3424507658643326,
      "acc_norm_stderr,none": 0.009063766135398338,
      "alias": " - headqa_es"
    },
    "lambada_openai_mt_en": {
      "perplexity,none": 3.0866563440441173,
      "perplexity_stderr,none": 0.06523063668380737,
      "acc,none": 0.7352998253444596,
      "acc_stderr,none": 0.006146408462993575,
      "alias": " - lambada_openai_mt_en"
    },
    "lambada_openai_mt_es": {
      "perplexity,none": 40.30129846635532,
      "perplexity_stderr,none": 2.256733045843802,
      "acc,none": 0.4401319619639045,
      "acc_stderr,none": 0.006915862724541829,
      "alias": " - lambada_openai_mt_es"
    },
    "paws_en": {
      "acc,none": 0.3455,
      "acc_stderr,none": 0.010635856134691549,
      "alias": " - paws_en"
    },
    "paws_es": {
      "acc,none": 0.4015,
      "acc_stderr,none": 0.010963985565921715,
      "alias": " - paws_es"
    },
    "paws_zh": {
      "acc,none": 0.485,
      "acc_stderr,none": 0.011178102477052813,
      "alias": " - paws_zh"
    },
    "xnli_en": {
      "acc,none": 0.5397590361445783,
      "acc_stderr,none": 0.009990337216722657,
      "alias": " - xnli_en"
    },
    "xnli_es": {
      "acc,none": 0.4321285140562249,
      "acc_stderr,none": 0.00992930943095868,
      "alias": " - xnli_es"
    },
    "xnli_zh": {
      "acc,none": 0.3514056224899598,
      "acc_stderr,none": 0.009569263079823961,
      "alias": " - xnli_zh"
    },
    "xstorycloze_en": {
      "acc,none": 0.786234281932495,
      "acc_stderr,none": 0.010550099206921583,
      "alias": " - xstorycloze_en"
    },
    "xstorycloze_es": {
      "acc,none": 0.6704169424222369,
      "acc_stderr,none": 0.012096687350589679,
      "alias": " - xstorycloze_es"
    },
    "xstorycloze_zh": {
      "acc,none": 0.5539377895433488,
      "acc_stderr,none": 0.01279203795358966,
      "alias": " - xstorycloze_zh"
    }
  },
  "groups": {
    "know_dist": {
      "acc,none": 0.49306069304293787,
      "acc_stderr,none": 0.1089687586509755,
      "acc_norm,none": 0.3760029175784099,
      "acc_norm_stderr,none": 0.0003666600277549046,
      "perplexity,none": 15.231498070216986,
      "perplexity_stderr,none": 139.84439436579302,
      "alias": "know_dist"
    }
  },
  "configs": {
    "headqa_en": {
      "task": "headqa_en",
      "group": [
        "headqa"
      ],
      "dataset_path": "EleutherAI/headqa",
      "dataset_name": "en",
      "training_split": "train",
      "validation_split": "validation",
      "test_split": "test",
      "doc_to_text": "Question: {{qtext}}\nAnswer:",
      "doc_to_target": "{{ra - 1}}",
      "doc_to_choice": "{{answers|map(attribute='atext')|list}}",
      "description": "",
      "target_delimiter": " ",
      "fewshot_delimiter": "\n\n",
      "num_fewshot": 0,
      "metric_list": [
        {
          "metric": "acc",
          "aggregation": "mean",
          "higher_is_better": true
        },
        {
          "metric": "acc_norm",
          "aggregation": "mean",
          "higher_is_better": true
        }
      ],
      "output_type": "multiple_choice",
      "repeats": 1,
      "should_decontaminate": true,
      "doc_to_decontamination_query": "query",
      "metadata": [
        {
          "version": 1.0
        }
      ]
    },
    "headqa_es": {
      "task": "headqa_es",
      "group": [
        "headqa"
      ],
      "dataset_path": "EleutherAI/headqa",
      "dataset_name": "es",
      "training_split": "train",
      "validation_split": "validation",
      "test_split": "test",
      "doc_to_text": "Question: {{qtext}}\nAnswer:",
      "doc_to_target": "{{ra - 1}}",
      "doc_to_choice": "{{answers|map(attribute='atext')|list}}",
      "description": "",
      "target_delimiter": " ",
      "fewshot_delimiter": "\n\n",
      "num_fewshot": 0,
      "metric_list": [
        {
          "metric": "acc",
          "aggregation": "mean",
          "higher_is_better": true
        },
        {
          "metric": "acc_norm",
          "aggregation": "mean",
          "higher_is_better": true
        }
      ],
      "output_type": "multiple_choice",
      "repeats": 1,
      "should_decontaminate": true,
      "doc_to_decontamination_query": "query",
      "metadata": [
        {
          "version": 1.0
        }
      ]
    },
    "lambada_openai_mt_en": {
      "task": "lambada_openai_mt_en",
      "group": [
        "lambada_multilingual"
      ],
      "dataset_path": "EleutherAI/lambada_openai",
      "dataset_name": "en",
      "test_split": "test",
      "doc_to_text": "{{text.split(' ')[:-1]|join(' ')}}",
      "doc_to_target": "{{' '+text.split(' ')[-1]}}",
      "description": "",
      "target_delimiter": " ",
      "fewshot_delimiter": "\n\n",
      "num_fewshot": 0,
      "metric_list": [
        {
          "metric": "perplexity",
          "aggregation": "perplexity",
          "higher_is_better": false
        },
        {
          "metric": "acc",
          "aggregation": "mean",
          "higher_is_better": true
        }
      ],
      "output_type": "loglikelihood",
      "repeats": 1,
      "should_decontaminate": true,
      "doc_to_decontamination_query": "{{text}}",
      "metadata": [
        {
          "version": 1.0
        }
      ]
    },
    "lambada_openai_mt_es": {
      "task": "lambada_openai_mt_es",
      "group": [
        "lambada_multilingual"
      ],
      "dataset_path": "EleutherAI/lambada_openai",
      "dataset_name": "es",
      "test_split": "test",
      "doc_to_text": "{{text.split(' ')[:-1]|join(' ')}}",
      "doc_to_target": "{{' '+text.split(' ')[-1]}}",
      "description": "",
      "target_delimiter": " ",
      "fewshot_delimiter": "\n\n",
      "num_fewshot": 0,
      "metric_list": [
        {
          "metric": "perplexity",
          "aggregation": "perplexity",
          "higher_is_better": false
        },
        {
          "metric": "acc",
          "aggregation": "mean",
          "higher_is_better": true
        }
      ],
      "output_type": "loglikelihood",
      "repeats": 1,
      "should_decontaminate": true,
      "doc_to_decontamination_query": "{{text}}",
      "metadata": [
        {
          "version": 1.0
        }
      ]
    },
    "paws_en": {
      "task": "paws_en",
      "group": "pawsx",
      "dataset_path": "paws-x",
      "dataset_name": "en",
      "training_split": "train",
      "validation_split": "validation",
      "test_split": "test",
      "doc_to_text": "",
      "doc_to_target": "label",
      "doc_to_choice": "{{[sentence1+\", right? Yes, \"+sentence2, sentence1+\", right? No, \"+sentence2]}}",
      "description": "",
      "target_delimiter": " ",
      "fewshot_delimiter": "\n\n",
      "num_fewshot": 0,
      "metric_list": [
        {
          "metric": "acc",
          "aggregation": "mean",
          "higher_is_better": true
        }
      ],
      "output_type": "multiple_choice",
      "repeats": 1,
      "should_decontaminate": false,
      "metadata": [
        {
          "version": 0.0
        }
      ]
    },
    "paws_es": {
      "task": "paws_es",
      "group": "pawsx",
      "dataset_path": "paws-x",
      "dataset_name": "es",
      "training_split": "train",
      "validation_split": "validation",
      "test_split": "test",
      "doc_to_text": "",