{
  "results": {
    "know_dist": {
      "acc,none": 0.4458319770366644,
      "acc_stderr,none": 0.09495193322905325,
      "acc_norm,none": 0.3147337709700948,
      "acc_norm_stderr,none": 0.00011935146556151956,
      "perplexity,none": 28.623131501157058,
      "perplexity_stderr,none": 352.8702241482243,
      "alias": "know_dist"
    },
    "headqa_en": {
      "acc,none": 0.27826404084609774,
      "acc_stderr,none": 0.008559791729159686,
      "acc_norm,none": 0.3274981765134938,
      "acc_norm_stderr,none": 0.008963892889617263,
      "alias": " - headqa_en"
    },
    "headqa_es": {
      "acc,none": 0.262217359591539,
      "acc_stderr,none": 0.008401182486572942,
      "acc_norm,none": 0.30196936542669583,
      "acc_norm_stderr,none": 0.008769284638558238,
      "alias": " - headqa_es"
    },
    "lambada_openai_mt_en": {
      "perplexity,none": 9.342394426654414,
      "perplexity_stderr,none": 0.27924137095255785,
      "acc,none": 0.5109644867067727,
      "acc_stderr,none": 0.0069643025565548,
      "alias": " - lambada_openai_mt_en"
    },
    "lambada_openai_mt_es": {
      "perplexity,none": 68.4230927395589,
      "perplexity_stderr,none": 3.7359383163423625,
      "acc,none": 0.3454298466912478,
      "acc_stderr,none": 0.006624759278793657,
      "alias": " - lambada_openai_mt_es"
    },
    "paws_en": {
      "acc,none": 0.391,
      "acc_stderr,none": 0.010914167834963961,
      "alias": " - paws_en"
    },
    "paws_es": {
      "acc,none": 0.4495,
      "acc_stderr,none": 0.011125950223877365,
      "alias": " - paws_es"
    },
    "paws_zh": {
      "acc,none": 0.5435,
      "acc_stderr,none": 0.011140733053371411,
      "alias": " - paws_zh"
    },
    "xnli_en": {
      "acc,none": 0.5449799196787148,
      "acc_stderr,none": 0.009981437307797242,
      "alias": " - xnli_en"
    },
    "xnli_es": {
      "acc,none": 0.4879518072289157,
      "acc_stderr,none": 0.010019162857624489,
      "alias": " - xnli_es"
    },
    "xnli_zh": {
      "acc,none": 0.39598393574297186,
      "acc_stderr,none": 0.009802809888502349,
      "alias": " - xnli_zh"
    },
    "xstorycloze_en": {
      "acc,none": 0.6624751819986764,
      "acc_stderr,none": 0.012168840221678034,
      "alias": " - xstorycloze_en"
    },
    "xstorycloze_es": {
      "acc,none": 0.6254136333553938,
      "acc_stderr,none": 0.012455787254852475,
      "alias": " - xstorycloze_es"
    },
    "xstorycloze_zh": {
      "acc,none": 0.5949702183984117,
      "acc_stderr,none": 0.012632887218751384,
      "alias": " - xstorycloze_zh"
    }
  },
  "groups": {
    "know_dist": {
      "acc,none": 0.4458319770366644,
      "acc_stderr,none": 0.09495193322905325,
      "acc_norm,none": 0.3147337709700948,
      "acc_norm_stderr,none": 0.00011935146556151956,
      "perplexity,none": 28.623131501157058,
      "perplexity_stderr,none": 352.8702241482243,
      "alias": "know_dist"
    }
  },
  "configs": {
    "headqa_en": {
      "task": "headqa_en",
      "group": [
        "headqa"
      ],
      "dataset_path": "EleutherAI/headqa",
      "dataset_name": "en",
      "training_split": "train",
      "validation_split": "validation",
      "test_split": "test",
      "doc_to_text": "Question: {{qtext}}\nAnswer:",
      "doc_to_target": "{{ra - 1}}",
      "doc_to_choice": "{{answers|map(attribute='atext')|list}}",
      "description": "",
      "target_delimiter": " ",
      "fewshot_delimiter": "\n\n",
      "num_fewshot": 0,
      "metric_list": [
        {
          "metric": "acc",
          "aggregation": "mean",
          "higher_is_better": true
        },
        {
          "metric": "acc_norm",
          "aggregation": "mean",
          "higher_is_better": true
        }
      ],
      "output_type": "multiple_choice",
      "repeats": 1,
      "should_decontaminate": true,
      "doc_to_decontamination_query": "query",
      "metadata": [
        {
          "version": 1.0
        }
      ]
    },
    "headqa_es": {
      "task": "headqa_es",
      "group": [
        "headqa"
      ],
      "dataset_path": "EleutherAI/headqa",
      "dataset_name": "es",
      "training_split": "train",
      "validation_split": "validation",
      "test_split": "test",
      "doc_to_text": "Question: {{qtext}}\nAnswer:",
      "doc_to_target": "{{ra - 1}}",
      "doc_to_choice": "{{answers|map(attribute='atext')|list}}",
      "description": "",
      "target_delimiter": " ",
      "fewshot_delimiter": "\n\n",
      "num_fewshot": 0,
      "metric_list": [
        {
          "metric": "acc",
          "aggregation": "mean",
          "higher_is_better": true
        },
        {
          "metric": "acc_norm",
          "aggregation": "mean",
          "higher_is_better": true
        }
      ],
      "output_type": "multiple_choice",
      "repeats": 1,
      "should_decontaminate": true,
      "doc_to_decontamination_query": "query",
      "metadata": [
        {
          "version": 1.0
        }
      ]
    },
    "lambada_openai_mt_en": {
      "task": "lambada_openai_mt_en",
      "group": [
        "lambada_multilingual"
      ],
      "dataset_path": "EleutherAI/lambada_openai",
      "dataset_name": "en",
      "test_split": "test",
      "doc_to_text": "{{text.split(' ')[:-1]|join(' ')}}",
      "doc_to_target": "{{' '+text.split(' ')[-1]}}",
      "description": "",
      "target_delimiter": " ",
      "fewshot_delimiter": "\n\n",
      "num_fewshot": 0,
      "metric_list": [
        {
          "metric": "perplexity",
          "aggregation": "perplexity",
          "higher_is_better": false
        },
        {
          "metric": "acc",
          "aggregation": "mean",
          "higher_is_better": true
        }
      ],
      "output_type": "loglikelihood",
      "repeats": 1,
      "should_decontaminate": true,
      "doc_to_decontamination_query": "{{text}}",
      "metadata": [
        {
          "version": 1.0
        }
      ]
    },
    "lambada_openai_mt_es": {
      "task": "lambada_openai_mt_es",
      "group": [
        "lambada_multilingual"
      ],
      "dataset_path": "EleutherAI/lambada_openai",
      "dataset_name": "es",
      "test_split": "test",
      "doc_to_text": "{{text.split(' ')[:-1]|join(' ')}}",
      "doc_to_target": "{{' '+text.split(' ')[-1]}}",
      "description": "",
      "target_delimiter": " ",
      "fewshot_delimiter": "\n\n",
      "num_fewshot": 0,
      "metric_list": [
        {
          "metric": "perplexity",
          "aggregation": "perplexity",
          "higher_is_better": false
        },
        {
          "metric": "acc",
          "aggregation": "mean",
          "higher_is_better": true
        }
      ],
      "output_type": "loglikelihood",
      "repeats": 1,
      "should_decontaminate": true,
      "doc_to_decontamination_query": "{{text}}",
      "metadata": [
        {
          "version": 1.0
        }
      ]
    },
    "paws_en": {
      "task": "paws_en",
      "group": "pawsx",
      "dataset_path": "paws-x",
      "dataset_name": "en",
      "training_split": "train",
      "validation_split": "validation",
      "test_split": "test",
      "doc_to_text": "",
      "doc_to_target": "label",
      "doc_to_choice": "{{[sentence1+\", right? Yes, \"+sentence2, sentence1+\", right? No, \"+sentence2]}}",
      "description": "",
      "target_delimiter": " ",
      "fewshot_delimiter": "\n\n",
      "num_fewshot": 0,
      "metric_list": [
        {
          "metric": "acc",
          "aggregation": "mean",
          "higher_is_better": true
        }
      ],
      "output_type": "multiple_choice",
      "repeats": 1,
      "should_decontaminate": false,
      "metadata": [
        {
          "version": 0.0
        }
      ]
    },
    "paws_es": {
      "task": "paws_es",
      "group": "pawsx",
      "dataset_path": "paws-x",
      "dataset_name": "es",
      "training_split": "train",
      "validation_split": "validation",
      "test_split": "test",
      "doc_to_text": "",