{
  "results": {
    "know_dist": {
      "acc,none": 0.49303110111561566,
      "acc_stderr,none": 0.10863535903591764,
      "acc_norm,none": 0.3712618526622903,
      "acc_norm_stderr,none": 0.000423906258203007,
      "perplexity,none": 16.025062497757187,
      "perplexity_stderr,none": 157.057348753988,
      "alias": "know_dist"
    },
    "headqa_en": {
      "acc,none": 0.350109409190372,
      "acc_stderr,none": 0.009111030451045258,
      "acc_norm,none": 0.40809628008752735,
      "acc_norm_stderr,none": 0.009387551551893495,
      "alias": " - headqa_en"
    },
    "headqa_es": {
      "acc,none": 0.2950401167031364,
      "acc_stderr,none": 0.00871100412905981,
      "acc_norm,none": 0.33442742523705327,
      "acc_norm_stderr,none": 0.00901143872556141,
      "alias": " - headqa_es"
    },
    "lambada_openai_mt_en": {
      "perplexity,none": 3.153025077190062,
      "perplexity_stderr,none": 0.06419600268161149,
      "acc,none": 0.7389869978653212,
      "acc_stderr,none": 0.006118733561625583,
      "alias": " - lambada_openai_mt_en"
    },
    "lambada_openai_mt_es": {
      "perplexity,none": 42.59596528110136,
      "perplexity_stderr,none": 2.369407739639889,
      "acc,none": 0.42499514845720937,
      "acc_stderr,none": 0.006887154307658443,
      "alias": " - lambada_openai_mt_es"
    },
    "paws_en": {
      "acc,none": 0.3375,
      "acc_stderr,none": 0.010576048477607495,
      "alias": " - paws_en"
    },
    "paws_es": {
      "acc,none": 0.398,
      "acc_stderr,none": 0.01094796460372824,
      "alias": " - paws_es"
    },
    "paws_zh": {
      "acc,none": 0.484,
      "acc_stderr,none": 0.011177408788874896,
      "alias": " - paws_zh"
    },
    "xnli_en": {
      "acc,none": 0.5397590361445783,
      "acc_stderr,none": 0.009990337216722657,
      "alias": " - xnli_en"
    },
    "xnli_es": {
      "acc,none": 0.4839357429718876,
      "acc_stderr,none": 0.01001689893235568,
      "alias": " - xnli_es"
    },
    "xnli_zh": {
      "acc,none": 0.3546184738955823,
      "acc_stderr,none": 0.009589070127861875,
      "alias": " - xnli_zh"
    },
    "xstorycloze_en": {
      "acc,none": 0.7776307081403044,
      "acc_stderr,none": 0.010701277694882511,
      "alias": " - xstorycloze_en"
    },
    "xstorycloze_es": {
      "acc,none": 0.6671078755790867,
      "acc_stderr,none": 0.012127221798743735,
      "alias": " - xstorycloze_es"
    },
    "xstorycloze_zh": {
      "acc,none": 0.5559232296492389,
      "acc_stderr,none": 0.012786390539820832,
      "alias": " - xstorycloze_zh"
    }
  },
  "groups": {
    "know_dist": {
      "acc,none": 0.49303110111561566,
      "acc_stderr,none": 0.10863535903591764,
      "acc_norm,none": 0.3712618526622903,
      "acc_norm_stderr,none": 0.000423906258203007,
      "perplexity,none": 16.025062497757187,
      "perplexity_stderr,none": 157.057348753988,
      "alias": "know_dist"
    }
  },
  "configs": {
    "headqa_en": {
      "task": "headqa_en",
      "group": [
        "headqa"
      ],
      "dataset_path": "EleutherAI/headqa",
      "dataset_name": "en",
      "training_split": "train",
      "validation_split": "validation",
      "test_split": "test",
      "doc_to_text": "Question: {{qtext}}\nAnswer:",
      "doc_to_target": "{{ra - 1}}",
      "doc_to_choice": "{{answers|map(attribute='atext')|list}}",
      "description": "",
      "target_delimiter": " ",
      "fewshot_delimiter": "\n\n",
      "num_fewshot": 0,
      "metric_list": [
        {
          "metric": "acc",
          "aggregation": "mean",
          "higher_is_better": true
        },
        {
          "metric": "acc_norm",
          "aggregation": "mean",
          "higher_is_better": true
        }
      ],
      "output_type": "multiple_choice",
      "repeats": 1,
      "should_decontaminate": true,
      "doc_to_decontamination_query": "query",
      "metadata": [
        {
          "version": 1.0
        }
      ]
    },
    "headqa_es": {
      "task": "headqa_es",
      "group": [
        "headqa"
      ],
      "dataset_path": "EleutherAI/headqa",
      "dataset_name": "es",
      "training_split": "train",
      "validation_split": "validation",
      "test_split": "test",
      "doc_to_text": "Question: {{qtext}}\nAnswer:",
      "doc_to_target": "{{ra - 1}}",
      "doc_to_choice": "{{answers|map(attribute='atext')|list}}",
      "description": "",
      "target_delimiter": " ",
      "fewshot_delimiter": "\n\n",
      "num_fewshot": 0,
      "metric_list": [
        {
          "metric": "acc",
          "aggregation": "mean",
          "higher_is_better": true
        },
        {
          "metric": "acc_norm",
          "aggregation": "mean",
          "higher_is_better": true
        }
      ],
      "output_type": "multiple_choice",
      "repeats": 1,
      "should_decontaminate": true,
      "doc_to_decontamination_query": "query",
      "metadata": [
        {
          "version": 1.0
        }
      ]
    },
    "lambada_openai_mt_en": {
      "task": "lambada_openai_mt_en",
      "group": [
        "lambada_multilingual"
      ],
      "dataset_path": "EleutherAI/lambada_openai",
      "dataset_name": "en",
      "test_split": "test",
      "doc_to_text": "{{text.split(' ')[:-1]|join(' ')}}",
      "doc_to_target": "{{' '+text.split(' ')[-1]}}",
      "description": "",
      "target_delimiter": " ",
      "fewshot_delimiter": "\n\n",
      "num_fewshot": 0,
      "metric_list": [
        {
          "metric": "perplexity",
          "aggregation": "perplexity",
          "higher_is_better": false
        },
        {
          "metric": "acc",
          "aggregation": "mean",
          "higher_is_better": true
        }
      ],
      "output_type": "loglikelihood",
      "repeats": 1,
      "should_decontaminate": true,
      "doc_to_decontamination_query": "{{text}}",
      "metadata": [
        {
          "version": 1.0
        }
      ]
    },
    "lambada_openai_mt_es": {
      "task": "lambada_openai_mt_es",
      "group": [
        "lambada_multilingual"
      ],
      "dataset_path": "EleutherAI/lambada_openai",
      "dataset_name": "es",
      "test_split": "test",
      "doc_to_text": "{{text.split(' ')[:-1]|join(' ')}}",
      "doc_to_target": "{{' '+text.split(' ')[-1]}}",
      "description": "",
      "target_delimiter": " ",
      "fewshot_delimiter": "\n\n",
      "num_fewshot": 0,
      "metric_list": [
        {
          "metric": "perplexity",
          "aggregation": "perplexity",
          "higher_is_better": false
        },
        {
          "metric": "acc",
          "aggregation": "mean",
          "higher_is_better": true
        }
      ],
      "output_type": "loglikelihood",
      "repeats": 1,
      "should_decontaminate": true,
      "doc_to_decontamination_query": "{{text}}",
      "metadata": [
        {
          "version": 1.0
        }
      ]
    },
    "paws_en": {
      "task": "paws_en",
      "group": "pawsx",
      "dataset_path": "paws-x",
      "dataset_name": "en",
      "training_split": "train",
      "validation_split": "validation",
      "test_split": "test",
      "doc_to_text": "",
      "doc_to_target": "label",
      "doc_to_choice": "{{[sentence1+\", right? Yes, \"+sentence2, sentence1+\", right? No, \"+sentence2]}}",
      "description": "",
      "target_delimiter": " ",
      "fewshot_delimiter": "\n\n",
      "num_fewshot": 0,
      "metric_list": [
        {
          "metric": "acc",
          "aggregation": "mean",
          "higher_is_better": true
        }
      ],
      "output_type": "multiple_choice",
      "repeats": 1,
      "should_decontaminate": false,
      "metadata": [
        {
          "version": 0.0
        }
      ]
    },
    "paws_es": {
      "task": "paws_es",
      "group": "pawsx",
      "dataset_path": "paws-x",
      "dataset_name": "es",
      "training_split": "train",
      "validation_split": "validation",
      "test_split": "test",
      "doc_to_text": "",