{
  "results": {
    "know_dist": {
      "acc,none": 0.45012280649838726,
      "acc_stderr,none": 0.09202773011789042,
      "acc_norm,none": 0.31309263311451496,
      "acc_norm_stderr,none": 0.0001202992745692828,
      "perplexity,none": 27.55948069414806,
      "perplexity_stderr,none": 316.569720100522,
      "alias": "know_dist"
    },
    "headqa_en": {
      "acc,none": 0.2826404084609774,
      "acc_stderr,none": 0.008600645809601045,
      "acc_norm,none": 0.32603938730853393,
      "acc_norm_stderr,none": 0.008953601775920658,
      "alias": " - headqa_en"
    },
    "headqa_es": {
      "acc,none": 0.26258205689277897,
      "acc_stderr,none": 0.008404944608233243,
      "acc_norm,none": 0.300145878920496,
      "acc_norm_stderr,none": 0.00875417928622581,
      "alias": " - headqa_es"
    },
    "lambada_openai_mt_en": {
      "perplexity,none": 9.297361258152748,
      "perplexity_stderr,none": 0.27687395661841874,
      "acc,none": 0.5146516592276343,
      "acc_stderr,none": 0.0069629862264550075,
      "alias": " - lambada_openai_mt_en"
    },
    "lambada_openai_mt_es": {
      "perplexity,none": 65.2567763356544,
      "perplexity_stderr,none": 3.5363773305925004,
      "acc,none": 0.35979041335144574,
      "acc_stderr,none": 0.006686486206488786,
      "alias": " - lambada_openai_mt_es"
    },
    "paws_en": {
      "acc,none": 0.3885,
      "acc_stderr,none": 0.010901527262192295,
      "alias": " - paws_en"
    },
    "paws_es": {
      "acc,none": 0.468,
      "acc_stderr,none": 0.011160209457602882,
      "alias": " - paws_es"
    },
    "paws_zh": {
      "acc,none": 0.5455,
      "acc_stderr,none": 0.011136735987003708,
      "alias": " - paws_zh"
    },
    "xnli_en": {
      "acc,none": 0.5473895582329317,
      "acc_stderr,none": 0.009976956772510016,
      "alias": " - xnli_en"
    },
    "xnli_es": {
      "acc,none": 0.4887550200803213,
      "acc_stderr,none": 0.010019537972975077,
      "alias": " - xnli_es"
    },
    "xnli_zh": {
      "acc,none": 0.40160642570281124,
      "acc_stderr,none": 0.009826103601507128,
      "alias": " - xnli_zh"
    },
    "xstorycloze_en": {
      "acc,none": 0.657180675049636,
      "acc_stderr,none": 0.012214805786067548,
      "alias": " - xstorycloze_en"
    },
    "xstorycloze_es": {
      "acc,none": 0.6221045665122436,
      "acc_stderr,none": 0.012477542072994658,
      "alias": " - xstorycloze_es"
    },
    "xstorycloze_zh": {
      "acc,none": 0.5909993381866314,
      "acc_stderr,none": 0.012652228567132376,
      "alias": " - xstorycloze_zh"
    }
  },
  "groups": {
    "know_dist": {
      "acc,none": 0.45012280649838726,
      "acc_stderr,none": 0.09202773011789042,
      "acc_norm,none": 0.31309263311451496,
      "acc_norm_stderr,none": 0.0001202992745692828,
      "perplexity,none": 27.55948069414806,
      "perplexity_stderr,none": 316.569720100522,
      "alias": "know_dist"
    }
  },
  "configs": {
    "headqa_en": {
      "task": "headqa_en",
      "group": [
        "headqa"
      ],
      "dataset_path": "EleutherAI/headqa",
      "dataset_name": "en",
      "training_split": "train",
      "validation_split": "validation",
      "test_split": "test",
      "doc_to_text": "Question: {{qtext}}\nAnswer:",
      "doc_to_target": "{{ra - 1}}",
      "doc_to_choice": "{{answers|map(attribute='atext')|list}}",
      "description": "",
      "target_delimiter": " ",
      "fewshot_delimiter": "\n\n",
      "num_fewshot": 0,
      "metric_list": [
        {
          "metric": "acc",
          "aggregation": "mean",
          "higher_is_better": true
        },
        {
          "metric": "acc_norm",
          "aggregation": "mean",
          "higher_is_better": true
        }
      ],
      "output_type": "multiple_choice",
      "repeats": 1,
      "should_decontaminate": true,
      "doc_to_decontamination_query": "query",
      "metadata": [
        {
          "version": 1.0
        }
      ]
    },
    "headqa_es": {
      "task": "headqa_es",
      "group": [
        "headqa"
      ],
      "dataset_path": "EleutherAI/headqa",
      "dataset_name": "es",
      "training_split": "train",
      "validation_split": "validation",
      "test_split": "test",
      "doc_to_text": "Question: {{qtext}}\nAnswer:",
      "doc_to_target": "{{ra - 1}}",
      "doc_to_choice": "{{answers|map(attribute='atext')|list}}",
      "description": "",
      "target_delimiter": " ",
      "fewshot_delimiter": "\n\n",
      "num_fewshot": 0,
      "metric_list": [
        {
          "metric": "acc",
          "aggregation": "mean",
          "higher_is_better": true
        },
        {
          "metric": "acc_norm",
          "aggregation": "mean",
          "higher_is_better": true
        }
      ],
      "output_type": "multiple_choice",
      "repeats": 1,
      "should_decontaminate": true,
      "doc_to_decontamination_query": "query",
      "metadata": [
        {
          "version": 1.0
        }
      ]
    },
    "lambada_openai_mt_en": {
      "task": "lambada_openai_mt_en",
      "group": [
        "lambada_multilingual"
      ],
      "dataset_path": "EleutherAI/lambada_openai",
      "dataset_name": "en",
      "test_split": "test",
      "doc_to_text": "{{text.split(' ')[:-1]|join(' ')}}",
      "doc_to_target": "{{' '+text.split(' ')[-1]}}",
      "description": "",
      "target_delimiter": " ",
      "fewshot_delimiter": "\n\n",
      "num_fewshot": 0,
      "metric_list": [
        {
          "metric": "perplexity",
          "aggregation": "perplexity",
          "higher_is_better": false
        },
        {
          "metric": "acc",
          "aggregation": "mean",
          "higher_is_better": true
        }
      ],
      "output_type": "loglikelihood",
      "repeats": 1,
      "should_decontaminate": true,
      "doc_to_decontamination_query": "{{text}}",
      "metadata": [
        {
          "version": 1.0
        }
      ]
    },
    "lambada_openai_mt_es": {
      "task": "lambada_openai_mt_es",
      "group": [
        "lambada_multilingual"
      ],
      "dataset_path": "EleutherAI/lambada_openai",
      "dataset_name": "es",
      "test_split": "test",
      "doc_to_text": "{{text.split(' ')[:-1]|join(' ')}}",
      "doc_to_target": "{{' '+text.split(' ')[-1]}}",
      "description": "",
      "target_delimiter": " ",
      "fewshot_delimiter": "\n\n",
      "num_fewshot": 0,
      "metric_list": [
        {
          "metric": "perplexity",
          "aggregation": "perplexity",
          "higher_is_better": false
        },
        {
          "metric": "acc",
          "aggregation": "mean",
          "higher_is_better": true
        }
      ],
      "output_type": "loglikelihood",
      "repeats": 1,
      "should_decontaminate": true,
      "doc_to_decontamination_query": "{{text}}",
      "metadata": [
        {
          "version": 1.0
        }
      ]
    },
    "paws_en": {
      "task": "paws_en",
      "group": "pawsx",
      "dataset_path": "paws-x",
      "dataset_name": "en",
      "training_split": "train",
      "validation_split": "validation",
      "test_split": "test",
      "doc_to_text": "",
      "doc_to_target": "label",
      "doc_to_choice": "{{[sentence1+\", right? Yes, \"+sentence2, sentence1+\", right? No, \"+sentence2]}}",
      "description": "",
      "target_delimiter": " ",
      "fewshot_delimiter": "\n\n",
      "num_fewshot": 0,
      "metric_list": [
        {
          "metric": "acc",
          "aggregation": "mean",
          "higher_is_better": true
        }
      ],
      "output_type": "multiple_choice",
      "repeats": 1,
      "should_decontaminate": false,
      "metadata": [
        {
          "version": 0.0
        }
      ]
    },
    "paws_es": {
      "task": "paws_es",
      "group": "pawsx",
      "dataset_path": "paws-x",
      "dataset_name": "es",
      "training_split": "train",
      "validation_split": "validation",
      "test_split": "test",
      "doc_to_text": "",