{
  "results": {
    "know_dist": {
      "acc,none": 0.4468381025656201,
      "acc_stderr,none": 0.09498376987975869,
      "acc_norm,none": 0.3200218818380744,
      "acc_norm_stderr,none": 0.000121226592015555,
      "perplexity,none": 28.593480803585212,
      "perplexity_stderr,none": 355.6423249224356,
      "alias": "know_dist"
    },
    "headqa_en": {
      "acc,none": 0.28227571115973743,
      "acc_stderr,none": 0.008597279760535733,
      "acc_norm,none": 0.33296863603209337,
      "acc_norm_stderr,none": 0.009001611665072861,
      "alias": " - headqa_en"
    },
    "headqa_es": {
      "acc,none": 0.2658643326039387,
      "acc_stderr,none": 0.008438469468197722,
      "acc_norm,none": 0.3070751276440554,
      "acc_norm_stderr,none": 0.008810709413802912,
      "alias": " - headqa_es"
    },
    "lambada_openai_mt_en": {
      "perplexity,none": 9.234605716876032,
      "perplexity_stderr,none": 0.2783334844375261,
      "acc,none": 0.5115466718416456,
      "acc_stderr,none": 0.006964119922747351,
      "alias": " - lambada_openai_mt_en"
    },
    "lambada_openai_mt_es": {
      "perplexity,none": 68.55473721680576,
      "perplexity_stderr,none": 3.7128758114172915,
      "acc,none": 0.3417426741703862,
      "acc_stderr,none": 0.006607840175870064,
      "alias": " - lambada_openai_mt_es"
    },
    "paws_en": {
      "acc,none": 0.3965,
      "acc_stderr,none": 0.010940919836258153,
      "alias": " - paws_en"
    },
    "paws_es": {
      "acc,none": 0.478,
      "acc_stderr,none": 0.011172305500884872,
      "alias": " - paws_es"
    },
    "paws_zh": {
      "acc,none": 0.5455,
      "acc_stderr,none": 0.011136735987003711,
      "alias": " - paws_zh"
    },
    "xnli_en": {
      "acc,none": 0.5357429718875502,
      "acc_stderr,none": 0.009996432468510357,
      "alias": " - xnli_en"
    },
    "xnli_es": {
      "acc,none": 0.4919678714859438,
      "acc_stderr,none": 0.010020779633955252,
      "alias": " - xnli_es"
    },
    "xnli_zh": {
      "acc,none": 0.38433734939759034,
      "acc_stderr,none": 0.009750238765722532,
      "alias": " - xnli_zh"
    },
    "xstorycloze_en": {
      "acc,none": 0.6624751819986764,
      "acc_stderr,none": 0.012168840221678039,
      "alias": " - xstorycloze_en"
    },
    "xstorycloze_es": {
      "acc,none": 0.628722700198544,
      "acc_stderr,none": 0.012433411152341702,
      "alias": " - xstorycloze_es"
    },
    "xstorycloze_zh": {
      "acc,none": 0.5909993381866314,
      "acc_stderr,none": 0.012652228567132374,
      "alias": " - xstorycloze_zh"
    }
  },
  "groups": {
    "know_dist": {
      "acc,none": 0.4468381025656201,
      "acc_stderr,none": 0.09498376987975869,
      "acc_norm,none": 0.3200218818380744,
      "acc_norm_stderr,none": 0.000121226592015555,
      "perplexity,none": 28.593480803585212,
      "perplexity_stderr,none": 355.6423249224356,
      "alias": "know_dist"
    }
  },
  "configs": {
    "headqa_en": {
      "task": "headqa_en",
      "group": [
        "headqa"
      ],
      "dataset_path": "EleutherAI/headqa",
      "dataset_name": "en",
      "training_split": "train",
      "validation_split": "validation",
      "test_split": "test",
      "doc_to_text": "Question: {{qtext}}\nAnswer:",
      "doc_to_target": "{{ra - 1}}",
      "doc_to_choice": "{{answers|map(attribute='atext')|list}}",
      "description": "",
      "target_delimiter": " ",
      "fewshot_delimiter": "\n\n",
      "num_fewshot": 0,
      "metric_list": [
        {
          "metric": "acc",
          "aggregation": "mean",
          "higher_is_better": true
        },
        {
          "metric": "acc_norm",
          "aggregation": "mean",
          "higher_is_better": true
        }
      ],
      "output_type": "multiple_choice",
      "repeats": 1,
      "should_decontaminate": true,
      "doc_to_decontamination_query": "query",
      "metadata": [
        {
          "version": 1.0
        }
      ]
    },
    "headqa_es": {
      "task": "headqa_es",
      "group": [
        "headqa"
      ],
      "dataset_path": "EleutherAI/headqa",
      "dataset_name": "es",
      "training_split": "train",
      "validation_split": "validation",
      "test_split": "test",
      "doc_to_text": "Question: {{qtext}}\nAnswer:",
      "doc_to_target": "{{ra - 1}}",
      "doc_to_choice": "{{answers|map(attribute='atext')|list}}",
      "description": "",
      "target_delimiter": " ",
      "fewshot_delimiter": "\n\n",
      "num_fewshot": 0,
      "metric_list": [
        {
          "metric": "acc",
          "aggregation": "mean",
          "higher_is_better": true
        },
        {
          "metric": "acc_norm",
          "aggregation": "mean",
          "higher_is_better": true
        }
      ],
      "output_type": "multiple_choice",
      "repeats": 1,
      "should_decontaminate": true,
      "doc_to_decontamination_query": "query",
      "metadata": [
        {
          "version": 1.0
        }
      ]
    },
    "lambada_openai_mt_en": {
      "task": "lambada_openai_mt_en",
      "group": [
        "lambada_multilingual"
      ],
      "dataset_path": "EleutherAI/lambada_openai",
      "dataset_name": "en",
      "test_split": "test",
      "doc_to_text": "{{text.split(' ')[:-1]|join(' ')}}",
      "doc_to_target": "{{' '+text.split(' ')[-1]}}",
      "description": "",
      "target_delimiter": " ",
      "fewshot_delimiter": "\n\n",
      "num_fewshot": 0,
      "metric_list": [
        {
          "metric": "perplexity",
          "aggregation": "perplexity",
          "higher_is_better": false
        },
        {
          "metric": "acc",
          "aggregation": "mean",
          "higher_is_better": true
        }
      ],
      "output_type": "loglikelihood",
      "repeats": 1,
      "should_decontaminate": true,
      "doc_to_decontamination_query": "{{text}}",
      "metadata": [
        {
          "version": 1.0
        }
      ]
    },
    "lambada_openai_mt_es": {
      "task": "lambada_openai_mt_es",
      "group": [
        "lambada_multilingual"
      ],
      "dataset_path": "EleutherAI/lambada_openai",
      "dataset_name": "es",
      "test_split": "test",
      "doc_to_text": "{{text.split(' ')[:-1]|join(' ')}}",
      "doc_to_target": "{{' '+text.split(' ')[-1]}}",
      "description": "",
      "target_delimiter": " ",
      "fewshot_delimiter": "\n\n",
      "num_fewshot": 0,
      "metric_list": [
        {
          "metric": "perplexity",
          "aggregation": "perplexity",
          "higher_is_better": false
        },
        {
          "metric": "acc",
          "aggregation": "mean",
          "higher_is_better": true
        }
      ],
      "output_type": "loglikelihood",
      "repeats": 1,
      "should_decontaminate": true,
      "doc_to_decontamination_query": "{{text}}",
      "metadata": [
        {
          "version": 1.0
        }
      ]
    },
    "paws_en": {
      "task": "paws_en",
      "group": "pawsx",
      "dataset_path": "paws-x",
      "dataset_name": "en",
      "training_split": "train",
      "validation_split": "validation",
      "test_split": "test",
      "doc_to_text": "",
      "doc_to_target": "label",
      "doc_to_choice": "{{[sentence1+\", right? Yes, \"+sentence2, sentence1+\", right? No, \"+sentence2]}}",
      "description": "",
      "target_delimiter": " ",
      "fewshot_delimiter": "\n\n",
      "num_fewshot": 0,
      "metric_list": [
        {
          "metric": "acc",
          "aggregation": "mean",
          "higher_is_better": true
        }
      ],
      "output_type": "multiple_choice",
      "repeats": 1,
      "should_decontaminate": false,
      "metadata": [
        {
          "version": 0.0
        }
      ]
    },
    "paws_es": {
      "task": "paws_es",
      "group": "pawsx",
      "dataset_path": "paws-x",
      "dataset_name": "es",
      "training_split": "train",
      "validation_split": "validation",
      "test_split": "test",
      "doc_to_text": "",