{
  "results": {
    "know_dist": {
      "acc,none": 0.4459503447459533,
      "acc_stderr,none": 0.09524830977952733,
      "acc_norm,none": 0.32184536834427424,
      "acc_norm_stderr,none": 0.00011688201711594639,
      "perplexity,none": 28.128800244134712,
      "perplexity_stderr,none": 343.76866966143655,
      "alias": "know_dist"
    },
    "headqa_en": {
      "acc,none": 0.2840991976659373,
      "acc_stderr,none": 0.008614040521644998,
      "acc_norm,none": 0.33406272793581326,
      "acc_norm_stderr,none": 0.009008991044641458,
      "alias": " - headqa_en"
    },
    "headqa_es": {
      "acc,none": 0.26513493800145876,
      "acc_stderr,none": 0.008431071307381723,
      "acc_norm,none": 0.3096280087527352,
      "acc_norm_stderr,none": 0.008830945080024253,
      "alias": " - headqa_es"
    },
    "lambada_openai_mt_en": {
      "perplexity,none": 9.095038963747458,
      "perplexity_stderr,none": 0.26454313483539865,
      "acc,none": 0.5175625849019988,
      "acc_stderr,none": 0.0069616790974791655,
      "alias": " - lambada_openai_mt_en"
    },
    "lambada_openai_mt_es": {
      "perplexity,none": 67.41894554579962,
      "perplexity_stderr,none": 3.6398823083667207,
      "acc,none": 0.3458179701144964,
      "acc_stderr,none": 0.006626514558805192,
      "alias": " - lambada_openai_mt_es"
    },
    "paws_en": {
      "acc,none": 0.438,
      "acc_stderr,none": 0.011096827014281871,
      "alias": " - paws_en"
    },
    "paws_es": {
      "acc,none": 0.4215,
      "acc_stderr,none": 0.011044449507896285,
      "alias": " - paws_es"
    },
    "paws_zh": {
      "acc,none": 0.527,
      "acc_stderr,none": 0.011166819105029988,
      "alias": " - paws_zh"
    },
    "xnli_en": {
      "acc,none": 0.5313253012048192,
      "acc_stderr,none": 0.010002384719762124,
      "alias": " - xnli_en"
    },
    "xnli_es": {
      "acc,none": 0.4783132530120482,
      "acc_stderr,none": 0.01001264136706551,
      "alias": " - xnli_es"
    },
    "xnli_zh": {
      "acc,none": 0.37389558232931724,
      "acc_stderr,none": 0.009698087600721307,
      "alias": " - xnli_zh"
    },
    "xstorycloze_en": {
      "acc,none": 0.6677696889477167,
      "acc_stderr,none": 0.012121168923544597,
      "alias": " - xstorycloze_en"
    },
    "xstorycloze_es": {
      "acc,none": 0.6399735274652548,
      "acc_stderr,none": 0.012352638981498527,
      "alias": " - xstorycloze_es"
    },
    "xstorycloze_zh": {
      "acc,none": 0.6095301125082727,
      "acc_stderr,none": 0.012554600076548371,
      "alias": " - xstorycloze_zh"
    }
  },
  "groups": {
    "know_dist": {
      "acc,none": 0.4459503447459533,
      "acc_stderr,none": 0.09524830977952733,
      "acc_norm,none": 0.32184536834427424,
      "acc_norm_stderr,none": 0.00011688201711594639,
      "perplexity,none": 28.128800244134712,
      "perplexity_stderr,none": 343.76866966143655,
      "alias": "know_dist"
    }
  },
  "configs": {
    "headqa_en": {
      "task": "headqa_en",
      "group": [
        "headqa"
      ],
      "dataset_path": "EleutherAI/headqa",
      "dataset_name": "en",
      "training_split": "train",
      "validation_split": "validation",
      "test_split": "test",
      "doc_to_text": "Question: {{qtext}}\nAnswer:",
      "doc_to_target": "{{ra - 1}}",
      "doc_to_choice": "{{answers|map(attribute='atext')|list}}",
      "description": "",
      "target_delimiter": " ",
      "fewshot_delimiter": "\n\n",
      "num_fewshot": 0,
      "metric_list": [
        {
          "metric": "acc",
          "aggregation": "mean",
          "higher_is_better": true
        },
        {
          "metric": "acc_norm",
          "aggregation": "mean",
          "higher_is_better": true
        }
      ],
      "output_type": "multiple_choice",
      "repeats": 1,
      "should_decontaminate": true,
      "doc_to_decontamination_query": "query",
      "metadata": [
        {
          "version": 1.0
        }
      ]
    },
    "headqa_es": {
      "task": "headqa_es",
      "group": [
        "headqa"
      ],
      "dataset_path": "EleutherAI/headqa",
      "dataset_name": "es",
      "training_split": "train",
      "validation_split": "validation",
      "test_split": "test",
      "doc_to_text": "Question: {{qtext}}\nAnswer:",
      "doc_to_target": "{{ra - 1}}",
      "doc_to_choice": "{{answers|map(attribute='atext')|list}}",
      "description": "",
      "target_delimiter": " ",
      "fewshot_delimiter": "\n\n",
      "num_fewshot": 0,
      "metric_list": [
        {
          "metric": "acc",
          "aggregation": "mean",
          "higher_is_better": true
        },
        {
          "metric": "acc_norm",
          "aggregation": "mean",
          "higher_is_better": true
        }
      ],
      "output_type": "multiple_choice",
      "repeats": 1,
      "should_decontaminate": true,
      "doc_to_decontamination_query": "query",
      "metadata": [
        {
          "version": 1.0
        }
      ]
    },
    "lambada_openai_mt_en": {
      "task": "lambada_openai_mt_en",
      "group": [
        "lambada_multilingual"
      ],
      "dataset_path": "EleutherAI/lambada_openai",
      "dataset_name": "en",
      "test_split": "test",
      "doc_to_text": "{{text.split(' ')[:-1]|join(' ')}}",
      "doc_to_target": "{{' '+text.split(' ')[-1]}}",
      "description": "",
      "target_delimiter": " ",
      "fewshot_delimiter": "\n\n",
      "num_fewshot": 0,
      "metric_list": [
        {
          "metric": "perplexity",
          "aggregation": "perplexity",
          "higher_is_better": false
        },
        {
          "metric": "acc",
          "aggregation": "mean",
          "higher_is_better": true
        }
      ],
      "output_type": "loglikelihood",
      "repeats": 1,
      "should_decontaminate": true,
      "doc_to_decontamination_query": "{{text}}",
      "metadata": [
        {
          "version": 1.0
        }
      ]
    },
    "lambada_openai_mt_es": {
      "task": "lambada_openai_mt_es",
      "group": [
        "lambada_multilingual"
      ],
      "dataset_path": "EleutherAI/lambada_openai",
      "dataset_name": "es",
      "test_split": "test",
      "doc_to_text": "{{text.split(' ')[:-1]|join(' ')}}",
      "doc_to_target": "{{' '+text.split(' ')[-1]}}",
      "description": "",
      "target_delimiter": " ",
      "fewshot_delimiter": "\n\n",
      "num_fewshot": 0,
      "metric_list": [
        {
          "metric": "perplexity",
          "aggregation": "perplexity",
          "higher_is_better": false
        },
        {
          "metric": "acc",
          "aggregation": "mean",
          "higher_is_better": true
        }
      ],
      "output_type": "loglikelihood",
      "repeats": 1,
      "should_decontaminate": true,
      "doc_to_decontamination_query": "{{text}}",
      "metadata": [
        {
          "version": 1.0
        }
      ]
    },
    "paws_en": {
      "task": "paws_en",
      "group": "pawsx",
      "dataset_path": "paws-x",
      "dataset_name": "en",
      "training_split": "train",
      "validation_split": "validation",
      "test_split": "test",
      "doc_to_text": "",
      "doc_to_target": "label",
      "doc_to_choice": "{{[sentence1+\", right? Yes, \"+sentence2, sentence1+\", right? No, \"+sentence2]}}",
      "description": "",
      "target_delimiter": " ",
      "fewshot_delimiter": "\n\n",
      "num_fewshot": 0,
      "metric_list": [
        {
          "metric": "acc",
          "aggregation": "mean",
          "higher_is_better": true
        }
      ],
      "output_type": "multiple_choice",
      "repeats": 1,
      "should_decontaminate": false,
      "metadata": [
        {
          "version": 0.0
        }
      ]
    },
    "paws_es": {
      "task": "paws_es",
      "group": "pawsx",
      "dataset_path": "paws-x",
      "dataset_name": "es",
      "training_split": "train",
      "validation_split": "validation",
      "test_split": "test",