,headqa_en_acc,headqa_en_acc_stderr,headqa_en_acc_norm,headqa_en_acc_norm_stderr,headqa_es_acc,headqa_es_acc_stderr,headqa_es_acc_norm,headqa_es_acc_norm_stderr,xstory_cloze_en_acc,xstory_cloze_en_acc_stderr,xstory_cloze_es_acc,xstory_cloze_es_acc_stderr,xstory_cloze_zh_acc,xstory_cloze_zh_acc_stderr,pawsx_en_acc,pawsx_en_acc_stderr,pawsx_es_acc,pawsx_es_acc_stderr,pawsx_zh_acc,pawsx_zh_acc_stderr,xnli_en_acc,xnli_en_acc_stderr,xnli_es_acc,xnli_es_acc_stderr,xnli_zh_acc,xnli_zh_acc_stderr
0,0.24945295404814005,0.008264731858357683,0.28191101385849743,0.008593906746745194,0.2097009482129832,0.007775734257541658,0.25309992706053974,0.008304676949891693,0.6360026472534746,0.012381980068788363,0.4943745863666446,0.012866310923072511,0.49040370615486434,0.01286475526040896,0.5575,0.011108941411747612,0.548,0.011131484850525779,0.45,0.011127079848413735,0.5231536926147704,0.007057133671645287,0.3345309381237525,0.006666633236850025,0.3327345309381238,0.006657677385484852
