{
  "results": {
    "know_dist": {
      "acc,none": 0.4479625958038647,
      "acc_stderr,none": 0.09439762730498925,
      "acc_norm,none": 0.3150984682713348,
      "acc_norm_stderr,none": 0.00012667338732829796,
      "perplexity,none": 26.02567614652472,
      "perplexity_stderr,none": 276.35185077860245,
      "alias": "know_dist"
    },
    "headqa_en": {
      "acc,none": 0.2775346462436178,
      "acc_stderr,none": 0.008552884316239913,
      "acc_norm,none": 0.3289569657184537,
      "acc_norm_stderr,none": 0.008974085688536047,
      "alias": " - headqa_en"
    },
    "headqa_es": {
      "acc,none": 0.2592997811816193,
      "acc_stderr,none": 0.00837081596326407,
      "acc_norm,none": 0.3012399708242159,
      "acc_norm_stderr,none": 0.008763262233724936,
      "alias": " - headqa_es"
    },
    "lambada_openai_mt_en": {
      "perplexity,none": 8.965936221638435,
      "perplexity_stderr,none": 0.26826196274514824,
      "acc,none": 0.5204735105763633,
      "acc_stderr,none": 0.00696013542433858,
      "alias": " - lambada_openai_mt_en"
    },
    "lambada_openai_mt_es": {
      "perplexity,none": 61.240978607424275,
      "perplexity_stderr,none": 3.3461120372899558,
      "acc,none": 0.3685231903745391,
      "acc_stderr,none": 0.006720834282814066,
      "alias": " - lambada_openai_mt_es"
    },
    "paws_en": {
      "acc,none": 0.394,
      "acc_stderr,none": 0.010928939603659161,
      "alias": " - paws_en"
    },
    "paws_es": {
      "acc,none": 0.4405,
      "acc_stderr,none": 0.011103671499120343,
      "alias": " - paws_es"
    },
    "paws_zh": {
      "acc,none": 0.545,
      "acc_stderr,none": 0.011137752231145227,
      "alias": " - paws_zh"
    },
    "xnli_en": {
      "acc,none": 0.5349397590361445,
      "acc_stderr,none": 0.009997573294114558,
      "alias": " - xnli_en"
    },
    "xnli_es": {
      "acc,none": 0.4855421686746988,
      "acc_stderr,none": 0.010017882185606009,
      "alias": " - xnli_es"
    },
    "xnli_zh": {
      "acc,none": 0.3686746987951807,
      "acc_stderr,none": 0.009670208010505246,
      "alias": " - xnli_zh"
    },
    "xstorycloze_en": {
      "acc,none": 0.6770350761085374,
      "acc_stderr,none": 0.012033578346967675,
      "alias": " - xstorycloze_en"
    },
    "xstorycloze_es": {
      "acc,none": 0.628722700198544,
      "acc_stderr,none": 0.012433411152341702,
      "alias": " - xstorycloze_es"
    },
    "xstorycloze_zh": {
      "acc,none": 0.5916611515552614,
      "acc_stderr,none": 0.012649064392162178,
      "alias": " - xstorycloze_zh"
    }
  },
  "groups": {
    "know_dist": {
      "acc,none": 0.4479625958038647,
      "acc_stderr,none": 0.09439762730498925,
      "acc_norm,none": 0.3150984682713348,
      "acc_norm_stderr,none": 0.00012667338732829796,
      "perplexity,none": 26.02567614652472,
      "perplexity_stderr,none": 276.35185077860245,
      "alias": "know_dist"
    }
  },
  "configs": {
    "headqa_en": {
      "task": "headqa_en",
      "group": [
        "headqa"
      ],
      "dataset_path": "EleutherAI/headqa",
      "dataset_name": "en",
      "training_split": "train",
      "validation_split": "validation",
      "test_split": "test",
      "doc_to_text": "Question: {{qtext}}\nAnswer:",
      "doc_to_target": "{{ra - 1}}",
      "doc_to_choice": "{{answers|map(attribute='atext')|list}}",
      "description": "",
      "target_delimiter": " ",
      "fewshot_delimiter": "\n\n",
      "num_fewshot": 0,
      "metric_list": [
        {
          "metric": "acc",
          "aggregation": "mean",
          "higher_is_better": true
        },
        {
          "metric": "acc_norm",
          "aggregation": "mean",
          "higher_is_better": true
        }
      ],
      "output_type": "multiple_choice",
      "repeats": 1,
      "should_decontaminate": true,
      "doc_to_decontamination_query": "query",
      "metadata": [
        {
          "version": 1.0
        }
      ]
    },
    "headqa_es": {
      "task": "headqa_es",
      "group": [
        "headqa"
      ],
      "dataset_path": "EleutherAI/headqa",
      "dataset_name": "es",
      "training_split": "train",
      "validation_split": "validation",
      "test_split": "test",
      "doc_to_text": "Question: {{qtext}}\nAnswer:",
      "doc_to_target": "{{ra - 1}}",
      "doc_to_choice": "{{answers|map(attribute='atext')|list}}",
      "description": "",
      "target_delimiter": " ",
      "fewshot_delimiter": "\n\n",
      "num_fewshot": 0,
      "metric_list": [
        {
          "metric": "acc",
          "aggregation": "mean",
          "higher_is_better": true
        },
        {
          "metric": "acc_norm",
          "aggregation": "mean",
          "higher_is_better": true
        }
      ],
      "output_type": "multiple_choice",
      "repeats": 1,
      "should_decontaminate": true,
      "doc_to_decontamination_query": "query",
      "metadata": [
        {
          "version": 1.0
        }
      ]
    },
    "lambada_openai_mt_en": {
      "task": "lambada_openai_mt_en",
      "group": [
        "lambada_multilingual"
      ],
      "dataset_path": "EleutherAI/lambada_openai",
      "dataset_name": "en",
      "test_split": "test",
      "doc_to_text": "{{text.split(' ')[:-1]|join(' ')}}",
      "doc_to_target": "{{' '+text.split(' ')[-1]}}",
      "description": "",
      "target_delimiter": " ",
      "fewshot_delimiter": "\n\n",
      "num_fewshot": 0,
      "metric_list": [
        {
          "metric": "perplexity",
          "aggregation": "perplexity",
          "higher_is_better": false
        },
        {
          "metric": "acc",
          "aggregation": "mean",
          "higher_is_better": true
        }
      ],
      "output_type": "loglikelihood",
      "repeats": 1,
      "should_decontaminate": true,
      "doc_to_decontamination_query": "{{text}}",
      "metadata": [
        {
          "version": 1.0
        }
      ]
    },
    "lambada_openai_mt_es": {
      "task": "lambada_openai_mt_es",
      "group": [
        "lambada_multilingual"
      ],
      "dataset_path": "EleutherAI/lambada_openai",
      "dataset_name": "es",
      "test_split": "test",
      "doc_to_text": "{{text.split(' ')[:-1]|join(' ')}}",
      "doc_to_target": "{{' '+text.split(' ')[-1]}}",
      "description": "",
      "target_delimiter": " ",
      "fewshot_delimiter": "\n\n",
      "num_fewshot": 0,
      "metric_list": [
        {
          "metric": "perplexity",
          "aggregation": "perplexity",
          "higher_is_better": false
        },
        {
          "metric": "acc",
          "aggregation": "mean",
          "higher_is_better": true
        }
      ],
      "output_type": "loglikelihood",
      "repeats": 1,
      "should_decontaminate": true,
      "doc_to_decontamination_query": "{{text}}",
      "metadata": [
        {
          "version": 1.0
        }
      ]
    },
    "paws_en": {
      "task": "paws_en",
      "group": "pawsx",
      "dataset_path": "paws-x",
      "dataset_name": "en",
      "training_split": "train",
      "validation_split": "validation",
      "test_split": "test",
      "doc_to_text": "",
      "doc_to_target": "label",
      "doc_to_choice": "{{[sentence1+\", right? Yes, \"+sentence2, sentence1+\", right? No, \"+sentence2]}}",
      "description": "",
      "target_delimiter": " ",
      "fewshot_delimiter": "\n\n",
      "num_fewshot": 0,
      "metric_list": [
        {
          "metric": "acc",
          "aggregation": "mean",
          "higher_is_better": true
        }
      ],
      "output_type": "multiple_choice",
      "repeats": 1,
      "should_decontaminate": false,
      "metadata": [
        {
          "version": 0.0
        }
      ]
    },
    "paws_es": {
      "task": "paws_es",
      "group": "pawsx",
      "dataset_path": "paws-x",
      "dataset_name": "es",
      "training_split": "train",
      "validation_split": "validation",
      "test_split": "test",
      "doc_to_text": "",