{
  "results": {
    "know_dist": {
      "acc,none": 0.4878229219069038,
      "acc_stderr,none": 0.10649437784335124,
      "acc_norm,none": 0.3699854121079504,
      "acc_norm_stderr,none": 0.0004007141223720811,
      "perplexity,none": 16.27300721877834,
      "perplexity_stderr,none": 165.4245604840315,
      "alias": "know_dist"
    },
    "headqa_en": {
      "acc,none": 0.3570386579139314,
      "acc_stderr,none": 0.00915156847996793,
      "acc_norm,none": 0.40554339897884756,
      "acc_norm_stderr,none": 0.009378302298575903,
      "alias": " - headqa_en"
    },
    "headqa_es": {
      "acc,none": 0.29832239241429614,
      "acc_stderr,none": 0.008738909009807228,
      "acc_norm,none": 0.33442742523705327,
      "acc_norm_stderr,none": 0.00901143872556141,
      "alias": " - headqa_es"
    },
    "lambada_openai_mt_en": {
      "perplexity,none": 3.0754423213900797,
      "perplexity_stderr,none": 0.06464117037095815,
      "acc,none": 0.7337473316514652,
      "acc_stderr,none": 0.006157895643400824,
      "alias": " - lambada_openai_mt_en"
    },
    "lambada_openai_mt_es": {
      "perplexity,none": 43.51587502656388,
      "perplexity_stderr,none": 2.6252059375266494,
      "acc,none": 0.41742674170386185,
      "acc_stderr,none": 0.006870328127679165,
      "alias": " - lambada_openai_mt_es"
    },
    "paws_en": {
      "acc,none": 0.3545,
      "acc_stderr,none": 0.010699164035359284,
      "alias": " - paws_en"
    },
    "paws_es": {
      "acc,none": 0.434,
      "acc_stderr,none": 0.011085280407858918,
      "alias": " - paws_es"
    },
    "paws_zh": {
      "acc,none": 0.5015,
      "acc_stderr,none": 0.011183085696839198,
      "alias": " - paws_zh"
    },
    "xnli_en": {
      "acc,none": 0.5164658634538153,
      "acc_stderr,none": 0.01001663693082996,
      "alias": " - xnli_en"
    },
    "xnli_es": {
      "acc,none": 0.42369477911646586,
      "acc_stderr,none": 0.009904678540828904,
      "alias": " - xnli_es"
    },
    "xnli_zh": {
      "acc,none": 0.3393574297188755,
      "acc_stderr,none": 0.009490727635646757,
      "alias": " - xnli_zh"
    },
    "xstorycloze_en": {
      "acc,none": 0.7736598279285242,
      "acc_stderr,none": 0.010768801472359075,
      "alias": " - xstorycloze_en"
    },
    "xstorycloze_es": {
      "acc,none": 0.6499007279947054,
      "acc_stderr,none": 0.012275258369751086,
      "alias": " - xstorycloze_es"
    },
    "xstorycloze_zh": {
      "acc,none": 0.5552614162806089,
      "acc_stderr,none": 0.012788295970207787,
      "alias": " - xstorycloze_zh"
    }
  },
  "groups": {
    "know_dist": {
      "acc,none": 0.4878229219069038,
      "acc_stderr,none": 0.10649437784335124,
      "acc_norm,none": 0.3699854121079504,
      "acc_norm_stderr,none": 0.0004007141223720811,
      "perplexity,none": 16.27300721877834,
      "perplexity_stderr,none": 165.4245604840315,
      "alias": "know_dist"
    }
  },
  "configs": {
    "headqa_en": {
      "task": "headqa_en",
      "group": [
        "headqa"
      ],
      "dataset_path": "EleutherAI/headqa",
      "dataset_name": "en",
      "training_split": "train",
      "validation_split": "validation",
      "test_split": "test",
      "doc_to_text": "Question: {{qtext}}\nAnswer:",
      "doc_to_target": "{{ra - 1}}",
      "doc_to_choice": "{{answers|map(attribute='atext')|list}}",
      "description": "",
      "target_delimiter": " ",
      "fewshot_delimiter": "\n\n",
      "num_fewshot": 0,
      "metric_list": [
        {
          "metric": "acc",
          "aggregation": "mean",
          "higher_is_better": true
        },
        {
          "metric": "acc_norm",
          "aggregation": "mean",
          "higher_is_better": true
        }
      ],
      "output_type": "multiple_choice",
      "repeats": 1,
      "should_decontaminate": true,
      "doc_to_decontamination_query": "query",
      "metadata": [
        {
          "version": 1.0
        }
      ]
    },
    "headqa_es": {
      "task": "headqa_es",
      "group": [
        "headqa"
      ],
      "dataset_path": "EleutherAI/headqa",
      "dataset_name": "es",
      "training_split": "train",
      "validation_split": "validation",
      "test_split": "test",
      "doc_to_text": "Question: {{qtext}}\nAnswer:",
      "doc_to_target": "{{ra - 1}}",
      "doc_to_choice": "{{answers|map(attribute='atext')|list}}",
      "description": "",
      "target_delimiter": " ",
      "fewshot_delimiter": "\n\n",
      "num_fewshot": 0,
      "metric_list": [
        {
          "metric": "acc",
          "aggregation": "mean",
          "higher_is_better": true
        },
        {
          "metric": "acc_norm",
          "aggregation": "mean",
          "higher_is_better": true
        }
      ],
      "output_type": "multiple_choice",
      "repeats": 1,
      "should_decontaminate": true,
      "doc_to_decontamination_query": "query",
      "metadata": [
        {
          "version": 1.0
        }
      ]
    },
    "lambada_openai_mt_en": {
      "task": "lambada_openai_mt_en",
      "group": [
        "lambada_multilingual"
      ],
      "dataset_path": "EleutherAI/lambada_openai",
      "dataset_name": "en",
      "test_split": "test",
      "doc_to_text": "{{text.split(' ')[:-1]|join(' ')}}",
      "doc_to_target": "{{' '+text.split(' ')[-1]}}",
      "description": "",
      "target_delimiter": " ",
      "fewshot_delimiter": "\n\n",
      "num_fewshot": 0,
      "metric_list": [
        {
          "metric": "perplexity",
          "aggregation": "perplexity",
          "higher_is_better": false
        },
        {
          "metric": "acc",
          "aggregation": "mean",
          "higher_is_better": true
        }
      ],
      "output_type": "loglikelihood",
      "repeats": 1,
      "should_decontaminate": true,
      "doc_to_decontamination_query": "{{text}}",
      "metadata": [
        {
          "version": 1.0
        }
      ]
    },
    "lambada_openai_mt_es": {
      "task": "lambada_openai_mt_es",
      "group": [
        "lambada_multilingual"
      ],
      "dataset_path": "EleutherAI/lambada_openai",
      "dataset_name": "es",
      "test_split": "test",
      "doc_to_text": "{{text.split(' ')[:-1]|join(' ')}}",
      "doc_to_target": "{{' '+text.split(' ')[-1]}}",
      "description": "",
      "target_delimiter": " ",
      "fewshot_delimiter": "\n\n",
      "num_fewshot": 0,
      "metric_list": [
        {
          "metric": "perplexity",
          "aggregation": "perplexity",
          "higher_is_better": false
        },
        {
          "metric": "acc",
          "aggregation": "mean",
          "higher_is_better": true
        }
      ],
      "output_type": "loglikelihood",
      "repeats": 1,
      "should_decontaminate": true,
      "doc_to_decontamination_query": "{{text}}",
      "metadata": [
        {
          "version": 1.0
        }
      ]
    },
    "paws_en": {
      "task": "paws_en",
      "group": "pawsx",
      "dataset_path": "paws-x",
      "dataset_name": "en",
      "training_split": "train",
      "validation_split": "validation",
      "test_split": "test",
      "doc_to_text": "",
      "doc_to_target": "label",
      "doc_to_choice": "{{[sentence1+\", right? Yes, \"+sentence2, sentence1+\", right? No, \"+sentence2]}}",
      "description": "",
      "target_delimiter": " ",
      "fewshot_delimiter": "\n\n",
      "num_fewshot": 0,
      "metric_list": [
        {
          "metric": "acc",
          "aggregation": "mean",
          "higher_is_better": true
        }
      ],
      "output_type": "multiple_choice",
      "repeats": 1,
      "should_decontaminate": false,
      "metadata": [
        {
          "version": 0.0
        }
      ]
    },
    "paws_es": {
      "task": "paws_es",
      "group": "pawsx",
      "dataset_path": "paws-x",
      "dataset_name": "es",
      "training_split": "train",
      "validation_split": "validation",
      "test_split": "test",
      "doc_to_text": "",